-- phpMyAdmin SQL Dump
-- version 4.9.7
-- https://www.phpmyadmin.net/
--
-- Host: localhost:3306
-- Generation Time: Dec 09, 2021 at 02:28 PM
-- Server version: 5.7.36
-- PHP Version: 7.3.33

SET SQL_MODE = "NO_AUTO_VALUE_ON_ZERO";
SET AUTOCOMMIT = 0;
START TRANSACTION;
SET time_zone = "+00:00";


/*!40101 SET @OLD_CHARACTER_SET_CLIENT=@@CHARACTER_SET_CLIENT */;
/*!40101 SET @OLD_CHARACTER_SET_RESULTS=@@CHARACTER_SET_RESULTS */;
/*!40101 SET @OLD_COLLATION_CONNECTION=@@COLLATION_CONNECTION */;
/*!40101 SET NAMES utf8mb4 */;

--
-- Database: `expresso_db`
--

-- --------------------------------------------------------

--
-- Table structure for table `abouts`
--

CREATE TABLE `abouts` (
  `id` bigint(20) UNSIGNED NOT NULL,
  `title` varchar(191) COLLATE utf8mb4_unicode_ci NOT NULL,
  `photo` varchar(191) COLLATE utf8mb4_unicode_ci DEFAULT NULL,
  `description` longtext COLLATE utf8mb4_unicode_ci,
  `status` int(11) NOT NULL DEFAULT '0',
  `created_at` timestamp NULL DEFAULT NULL,
  `updated_at` timestamp NULL DEFAULT NULL
) ENGINE=InnoDB DEFAULT CHARSET=utf8mb4 COLLATE=utf8mb4_unicode_ci;

--
-- Dumping data for table `abouts`
--

INSERT INTO `abouts` (`id`, `title`, `photo`, `description`, `status`, `created_at`, `updated_at`) VALUES
(1, 'About Us', NULL, '<p>About us description</p>', 1, '2021-11-26 08:54:38', '2021-11-26 08:54:38');

-- --------------------------------------------------------

--
-- Table structure for table `admins`
--

CREATE TABLE `admins` (
  `id` bigint(20) UNSIGNED NOT NULL,
  `role_id` bigint(20) UNSIGNED NOT NULL,
  `first_name` varchar(191) COLLATE utf8mb4_unicode_ci NOT NULL,
  `last_name` varchar(191) COLLATE utf8mb4_unicode_ci NOT NULL,
  `email` varchar(191) COLLATE utf8mb4_unicode_ci NOT NULL,
  `phone` varchar(191) COLLATE utf8mb4_unicode_ci NOT NULL,
  `password` varchar(191) COLLATE utf8mb4_unicode_ci NOT NULL,
  `address` varchar(191) COLLATE utf8mb4_unicode_ci DEFAULT NULL,
  `hub_id` bigint(20) UNSIGNED DEFAULT NULL,
  `image` varchar(191) COLLATE utf8mb4_unicode_ci DEFAULT NULL,
  `remember_token` varchar(100) COLLATE utf8mb4_unicode_ci DEFAULT NULL,
  `created_at` timestamp NULL DEFAULT NULL,
  `updated_at` timestamp NULL DEFAULT NULL
) ENGINE=InnoDB DEFAULT CHARSET=utf8mb4 COLLATE=utf8mb4_unicode_ci;

--
-- Dumping data for table `admins`
--

INSERT INTO `admins` (`id`, `role_id`, `first_name`, `last_name`, `email`, `phone`, `password`, `address`, `hub_id`, `image`, `remember_token`, `created_at`, `updated_at`) VALUES
(1, 1, 'admin', 'name', 'itxpressdigital2@gmail.com', '01749015457', '$2y$10$PRaQw2mVrHrBlY9R3zs1kuHP0tnZyUECtMWRLrTQKmvNQiCRuuI7K', 'savar', NULL, NULL, 'uZ0AK0JkIAJHHdYHQxQaE4qjsQMWvJ6DE5FOfstsvpztrQOVgBMym7BjMxHB', '2021-01-04 22:49:48', '2021-12-05 05:55:12'),
(2, 2, 'sub', 'admin', 'sub-admin@email.com', '588887656', '$2y$10$LRiqKWs5ZHSplo0wc9u8deqsDwutP3uoAg6uTzBAdoy6v8xA8UPVy', 'savar, dhakak', NULL, NULL, 'Z4q28qNml6ZSS90GZNfloi33LdrE2kg57IsdMnrhL3G9fjNEXUc5vNmUhcPH', '2021-01-04 22:49:49', '2021-01-04 22:55:23'),
(3, 2, 'rofequl', 'islam', 'rofequl@email.com', '436757547', '$2y$10$.wvzeq0ZP9vBemZPU/aZ.unHoDJ/rKaB/q3SMFnS0UqlzmkpGE7dO', 'ase', NULL, NULL, NULL, '2021-01-06 17:22:31', '2021-11-30 07:49:38'),
(4, 2, 'Mizanur', 'Rahman', 'mizan@email.com', '01312826310', '$2y$10$07WjO5hz8Brk2wiBSwdphO7QQ5wCTljygLGkZAdr3EO9pgU.5/ol6', 'Dhak', NULL, NULL, 'PGoLqmsrdww2lca0aUV1gESmvWFQRhhYlTwQqqOG24ttVT14OKQfAwyxpt5I', '2021-12-03 08:45:10', '2021-12-03 08:45:10'),
(5, 2, 'abdur', 'rohim', 'hub@email.com', '01312826310', '$2y$10$XD8SdddThDYQOchMj1RSWOf79gjjTiLJ9U22SK9eECWkVr2UVgpna', 'Dhaka', NULL, NULL, NULL, '2021-12-03 16:42:55', '2021-12-03 16:42:55');

-- --------------------------------------------------------

--
-- Table structure for table `admin_hub`
--

CREATE TABLE `admin_hub` (
  `id` bigint(20) UNSIGNED NOT NULL,
  `admin_id` bigint(20) UNSIGNED NOT NULL,
  `hub_id` bigint(20) UNSIGNED NOT NULL,
  `created_at` timestamp NULL DEFAULT NULL,
  `updated_at` timestamp NULL DEFAULT NULL
) ENGINE=InnoDB DEFAULT CHARSET=utf8mb4 COLLATE=utf8mb4_unicode_ci;

--
-- Dumping data for table `admin_hub`
--

INSERT INTO `admin_hub` (`id`, `admin_id`, `hub_id`, `created_at`, `updated_at`) VALUES
(1, 2, 69, NULL, NULL),
(2, 2, 50, NULL, NULL),
(3, 2, 4, NULL, NULL),
(4, 2, 2, NULL, NULL),
(8, 3, 4, NULL, NULL),
(9, 4, 10, NULL, NULL),
(10, 5, 5, NULL, NULL),
(11, 1, 6, NULL, NULL);

-- --------------------------------------------------------

--
-- Table structure for table `admin_roles`
--

CREATE TABLE `admin_roles` (
  `id` bigint(20) UNSIGNED NOT NULL,
  `admin_id` bigint(20) UNSIGNED NOT NULL,
  `route` varchar(191) COLLATE utf8mb4_unicode_ci NOT NULL,
  `created_at` timestamp NULL DEFAULT NULL,
  `updated_at` timestamp NULL DEFAULT NULL
) ENGINE=InnoDB DEFAULT CHARSET=utf8mb4 COLLATE=utf8mb4_unicode_ci;

--
-- Dumping data for table `admin_roles`
--

INSERT INTO `admin_roles` (`id`, `admin_id`, `route`, `created_at`, `updated_at`) VALUES
(167, 2, 'admin', '2021-01-09 13:52:36', '2021-01-09 13:52:36'),
(168, 2, 'basic-information', '2021-01-09 13:52:36', '2021-01-09 13:52:36'),
(169, 2, 'admin-change-hub', '2021-01-09 13:52:36', '2021-01-09 13:52:36'),
(170, 2, 'get-admin-hub-ids', '2021-01-09 13:52:36', '2021-01-09 13:52:36'),
(171, 2, 'zone', '2021-01-09 13:52:36', '2021-01-09 13:52:36'),
(172, 2, 'get-zone', '2021-01-09 13:52:36', '2021-01-09 13:52:36'),
(173, 2, 'zone-update', '2021-01-09 13:52:36', '2021-01-09 13:52:36'),
(174, 2, 'zone-delete', '2021-01-09 13:52:36', '2021-01-09 13:52:36'),
(175, 2, 'get-zone-single', '2021-01-09 13:52:36', '2021-01-09 13:52:36'),
(176, 2, 'hub', '2021-01-09 13:52:36', '2021-01-09 13:52:36'),
(177, 2, 'get-hub', '2021-01-09 13:52:36', '2021-01-09 13:52:36'),
(178, 2, 'hub-update', '2021-01-09 13:52:36', '2021-01-09 13:52:36'),
(179, 2, 'hub-delete', '2021-01-09 13:52:36', '2021-01-09 13:52:36'),
(180, 2, 'get-hub-single', '2021-01-09 13:52:36', '2021-01-09 13:52:36'),
(181, 2, 'get-hub-select', '2021-01-09 13:52:36', '2021-01-09 13:52:36'),
(182, 2, 'delete-hub', '2021-01-09 13:52:36', '2021-01-09 13:52:36'),
(183, 2, 'area', '2021-01-09 13:52:36', '2021-01-09 13:52:36'),
(184, 2, 'get-area', '2021-01-09 13:52:36', '2021-01-09 13:52:36'),
(185, 2, 'area-update', '2021-01-09 13:52:36', '2021-01-09 13:52:36'),
(186, 2, 'area-delete', '2021-01-09 13:52:36', '2021-01-09 13:52:36'),
(187, 2, 'get-area-single', '2021-01-09 13:52:36', '2021-01-09 13:52:36'),
(188, 2, 'merchant-list', '2021-01-09 13:52:36', '2021-01-09 13:52:36'),
(189, 2, 'merchant-details', '2021-01-09 13:52:36', '2021-01-09 13:52:36'),
(190, 2, 'shipping-price-set', '2021-01-09 13:52:36', '2021-01-09 13:52:36'),
(191, 2, 'shipping-price-set-edit', '2021-01-09 13:52:36', '2021-01-09 13:52:36'),
(192, 2, 'delete-shipping-price', '2021-01-09 13:52:36', '2021-01-09 13:52:36'),
(193, 2, 'show-shipping-price', '2021-01-09 13:52:36', '2021-01-09 13:52:36'),
(194, 2, 'driver-shipments', '2021-01-09 13:52:36', '2021-01-09 13:52:36'),
(195, 2, 'shipping-list', '2021-01-09 13:52:36', '2021-01-09 13:52:36'),
(196, 2, 'shipping-list/more', '2021-01-09 13:52:36', '2021-01-09 13:52:36'),
(197, 2, 'shipping-list/received', '2021-01-09 13:52:36', '2021-01-09 13:52:36'),
(198, 2, 'shipping-list/cancelled', '2021-01-09 13:52:36', '2021-01-09 13:52:36'),
(199, 2, 'add-parcelBy-admin', '2021-01-09 13:52:36', '2021-01-09 13:52:36'),
(200, 2, 'assign-to-hub', '2021-01-09 13:52:36', '2021-01-09 13:52:36'),
(201, 2, 'receiving-parcels', '2021-01-09 13:52:36', '2021-01-09 13:52:36'),
(202, 2, 'move-to-hub', '2021-01-09 13:52:36', '2021-01-09 13:52:36'),
(203, 2, 'move2hub-withPhone', '2021-01-09 13:52:36', '2021-01-09 13:52:36'),
(204, 2, 'move2hub-withInvoice', '2021-01-09 13:52:36', '2021-01-09 13:52:36'),
(205, 2, 'user-hub-parcels', '2021-01-09 13:52:36', '2021-01-09 13:52:36'),
(206, 2, 'remove-hub-parcel', '2021-01-09 13:52:36', '2021-01-09 13:52:36'),
(207, 2, 'change-hub-with-area', '2021-01-09 13:52:36', '2021-01-09 13:52:36'),
(208, 2, 'hub-sorting', '2021-01-09 13:52:36', '2021-01-09 13:52:36'),
(209, 2, 'shipping-list/dispatch', '2021-01-09 13:52:36', '2021-01-09 13:52:36'),
(210, 2, 'dispatch/view', '2021-01-09 13:52:36', '2021-01-09 13:52:36'),
(211, 2, 'status-dispatch', '2021-01-09 13:52:36', '2021-01-09 13:52:36'),
(212, 2, 'status-on-transit', '2021-01-09 13:52:36', '2021-01-09 13:52:36'),
(213, 2, 'dispatch-box-view', '2021-01-09 13:52:36', '2021-01-09 13:52:36'),
(214, 2, 'change-box-status', '2021-01-09 13:52:36', '2021-01-09 13:52:36'),
(215, 2, 'change-box-status-bulk-id', '2021-01-09 13:52:36', '2021-01-09 13:52:36'),
(216, 2, 'box-sorting', '2021-01-09 13:52:36', '2021-01-09 13:52:36'),
(217, 2, 'hub-receivable', '2021-01-09 13:52:36', '2021-01-09 13:52:36'),
(218, 2, 'back2-dispatch', '2021-01-09 13:52:36', '2021-01-09 13:52:36'),
(219, 2, 'sort-to-agent-dispatch', '2021-01-09 13:52:36', '2021-01-09 13:52:36'),
(220, 2, 'agent-dispatch', '2021-01-09 13:52:36', '2021-01-09 13:52:36'),
(221, 2, 'agent-dispatch-agentSide', '2021-01-09 13:52:36', '2021-01-09 13:52:36'),
(222, 2, 'agent-dispatch-driverSide', '2021-01-09 13:52:36', '2021-01-09 13:52:36'),
(223, 2, 'agentDispatch-to-driverAssign', '2021-01-09 13:52:36', '2021-01-09 13:52:36'),
(224, 2, 'agentDispatch-to-driverAssign-withInvoice', '2021-01-09 13:52:36', '2021-01-09 13:52:36'),
(225, 2, 'driver-assign2agent-dispatch', '2021-01-09 13:52:36', '2021-01-09 13:52:36'),
(226, 2, 'agent-dispatch-assing-to-driver', '2021-01-09 13:52:36', '2021-01-09 13:52:36'),
(227, 2, 'all-shipments', '2021-01-09 13:52:36', '2021-01-09 13:52:36'),
(228, 2, 'shipment-details', '2021-01-09 13:52:36', '2021-01-09 13:52:36'),
(229, 2, 'reset-shipment', '2021-01-09 13:52:36', '2021-01-09 13:52:36'),
(230, 2, 'zone-to-area', '2021-01-09 13:52:36', '2021-01-09 13:52:36'),
(231, 2, 'reconcile', '2021-01-09 13:52:36', '2021-01-09 13:52:36'),
(232, 2, 'load-shipment-reconcilable', '2021-01-09 13:52:36', '2021-01-09 13:52:36'),
(233, 2, 'load-reconcile-shipments', '2021-01-09 13:52:36', '2021-01-09 13:52:36'),
(234, 2, 'create-reconcile', '2021-01-09 13:52:36', '2021-01-09 13:52:36'),
(235, 2, 'remove-reconcile', '2021-01-09 13:52:36', '2021-01-09 13:52:36'),
(236, 2, 'return-reconcile2receive', '2021-01-09 13:52:36', '2021-01-09 13:52:36'),
(237, 2, 'delivery', '2021-01-09 13:52:36', '2021-01-09 13:52:36'),
(238, 2, 'get-shipment', '2021-01-09 13:52:36', '2021-01-09 13:52:36'),
(239, 2, 'get-shipment-with-invoices', '2021-01-09 13:52:36', '2021-01-09 13:52:36'),
(240, 2, 'get-shipment-withHub', '2021-01-09 13:52:36', '2021-01-09 13:52:36'),
(241, 2, 'get-shipment-withStatus', '2021-01-09 13:52:36', '2021-01-09 13:52:36'),
(242, 2, 'get-shipment-withdate', '2021-01-09 13:52:36', '2021-01-09 13:52:36'),
(243, 2, 'shipment-audit', '2021-01-09 13:52:36', '2021-01-09 13:52:36'),
(244, 2, 'driver-delivery-note', '2021-01-09 13:52:36', '2021-01-09 13:52:36'),
(245, 2, 'export-selected', '2021-01-09 13:52:36', '2021-01-09 13:52:36'),
(246, 2, 'delivery-payment-form', '2021-01-09 13:52:36', '2021-01-09 13:52:36'),
(247, 2, 'save-delivery-payment', '2021-01-09 13:52:36', '2021-01-09 13:52:36'),
(248, 2, 'return-selected-to-merchant', '2021-01-09 13:52:36', '2021-01-09 13:52:36'),
(249, 2, 'shipment-download', '2021-01-09 13:52:36', '2021-01-09 13:52:36'),
(250, 2, 'get-shipment-withBulkID', '2021-01-09 13:52:36', '2021-01-09 13:52:36'),
(251, 2, 'get-shipment-files', '2021-01-09 13:52:36', '2021-01-09 13:52:36'),
(252, 2, 'admin-upload-csv', '2021-01-09 13:52:36', '2021-01-09 13:52:36'),
(253, 2, 'csv-temporary', '2021-01-09 13:52:36', '2021-01-09 13:52:36'),
(254, 2, 'shipping-list/cencelled-items', '2021-01-09 13:52:36', '2021-01-09 13:52:36'),
(255, 2, 'back-to-shipment', '2021-01-09 13:52:36', '2021-01-09 13:52:36'),
(256, 2, 'delete-shipment', '2021-01-09 13:52:36', '2021-01-09 13:52:36'),
(257, 2, 'cencell-shipment', '2021-01-09 13:52:36', '2021-01-09 13:52:36'),
(258, 2, 'thirdparty-shipments', '2021-01-09 13:52:36', '2021-01-09 13:52:36'),
(259, 2, 'thirdparty-hub-shipments', '2021-01-09 13:52:36', '2021-01-09 13:52:36'),
(260, 2, 'hold-shipments', '2021-01-09 13:52:36', '2021-01-09 13:52:36'),
(261, 2, 'move-to-hold_shipment', '2021-01-09 13:52:36', '2021-01-09 13:52:36'),
(262, 2, 'hold-agentDispatch-to-driverAssign-withInvoice', '2021-01-09 13:52:36', '2021-01-09 13:52:36'),
(263, 2, 'hold-agentDispatch-to-driverAssign-rider', '2021-01-09 13:52:36', '2021-01-09 13:52:36'),
(264, 2, 'hold-shipment-rows', '2021-01-09 13:52:36', '2021-01-09 13:52:36'),
(265, 2, 'driver-hub-shipment-rows', '2021-01-09 13:52:36', '2021-01-09 13:52:36'),
(266, 2, 'move-back-to-hold_shipment', '2021-01-09 13:52:36', '2021-01-09 13:52:36'),
(267, 2, 'sendToSorting-hold_shipment', '2021-01-09 13:52:36', '2021-01-09 13:52:36'),
(268, 2, 'move-to-return_shipment', '2021-01-09 13:52:36', '2021-01-09 13:52:36'),
(269, 2, 'move-to-return_shipment-withInvoice', '2021-01-09 13:52:36', '2021-01-09 13:52:36'),
(270, 2, 'move-to-return_shipment-withRider', '2021-01-09 13:52:36', '2021-01-09 13:52:36'),
(271, 2, 'return-shipment-rows', '2021-01-09 13:52:36', '2021-01-09 13:52:36'),
(272, 2, 'return-shipments-parcels', '2021-01-09 13:52:36', '2021-01-09 13:52:36'),
(273, 2, 'move-back-to-return_shipment', '2021-01-09 13:52:37', '2021-01-09 13:52:37'),
(274, 2, 'return-sorting', '2021-01-09 13:52:37', '2021-01-09 13:52:37'),
(275, 2, 'return-dispatch', '2021-01-09 13:52:37', '2021-01-09 13:52:37'),
(276, 2, 'return-dispatch/view', '2021-01-09 13:52:37', '2021-01-09 13:52:37'),
(277, 2, 'return-status-dispatch', '2021-01-09 13:52:37', '2021-01-09 13:52:37'),
(278, 2, 'return-status-on-transit', '2021-01-09 13:52:37', '2021-01-09 13:52:37'),
(279, 2, 'return-dispatch-box-view', '2021-01-09 13:52:37', '2021-01-09 13:52:37'),
(280, 2, 'return-change-box-status', '2021-01-09 13:52:37', '2021-01-09 13:52:37'),
(281, 2, 'return-change-box-status-bulk-id', '2021-01-09 13:52:37', '2021-01-09 13:52:37'),
(282, 2, 'return-box-sorting', '2021-01-09 13:52:37', '2021-01-09 13:52:37'),
(283, 2, 'receive-from-hub', '2021-01-09 13:52:37', '2021-01-09 13:52:37'),
(284, 2, 'return-agent-dispatch', '2021-01-09 13:52:37', '2021-01-09 13:52:37'),
(285, 2, 'return-agent-dispatch-agentSide', '2021-01-09 13:52:37', '2021-01-09 13:52:37'),
(286, 2, 'return-agent-dispatch-driverSide', '2021-01-09 13:52:37', '2021-01-09 13:52:37'),
(287, 2, 'return-agentDispatch-to-driverAssign', '2021-01-09 13:52:37', '2021-01-09 13:52:37'),
(288, 2, 'return-driver-assign2agent-dispatch', '2021-01-09 13:52:37', '2021-01-09 13:52:37'),
(289, 2, 'return-agent-dispatch-assing-to-driver', '2021-01-09 13:52:37', '2021-01-09 13:52:37'),
(290, 2, 'return-to-return-delivery', '2021-01-09 13:52:37', '2021-01-09 13:52:37'),
(291, 2, 'admin-list', '2021-01-09 13:52:37', '2021-01-09 13:52:37'),
(292, 2, 'admins', '2021-01-09 13:52:37', '2021-01-09 13:52:37'),
(293, 2, 'create', '2021-01-09 13:52:37', '2021-01-09 13:52:37'),
(294, 2, 'save-admin', '2021-01-09 13:52:37', '2021-01-09 13:52:37'),
(295, 2, 'update-admin', '2021-01-09 13:52:37', '2021-01-09 13:52:37'),
(296, 2, 'delete', '2021-01-09 13:52:37', '2021-01-09 13:52:37'),
(297, 2, 'show', '2021-01-09 13:52:37', '2021-01-09 13:52:37'),
(298, 2, 'role-assign', '2021-01-09 13:52:37', '2021-01-09 13:52:37'),
(299, 2, 'get-employee-roles', '2021-01-09 13:52:37', '2021-01-09 13:52:37'),
(300, 2, 'sliders', '2021-01-09 13:52:37', '2021-01-09 13:52:37'),
(301, 2, 'sliders-show', '2021-01-09 13:52:37', '2021-01-09 13:52:37'),
(302, 2, 'save-slider', '2021-01-09 13:52:37', '2021-01-09 13:52:37'),
(303, 2, 'update-slider', '2021-01-09 13:52:37', '2021-01-09 13:52:37'),
(304, 2, 'slider-show', '2021-01-09 13:52:37', '2021-01-09 13:52:37'),
(305, 2, 'about-us', '2021-01-09 13:52:37', '2021-01-09 13:52:37'),
(306, 2, 'client-reviews', '2021-01-09 13:52:37', '2021-01-09 13:52:37'),
(307, 2, 'review-posts', '2021-01-09 13:52:37', '2021-01-09 13:52:37'),
(308, 2, 'save-review', '2021-01-09 13:52:37', '2021-01-09 13:52:37'),
(309, 2, 'update-review', '2021-01-09 13:52:37', '2021-01-09 13:52:37'),
(310, 2, 'view-review', '2021-01-09 13:52:37', '2021-01-09 13:52:37'),
(311, 2, 'delete-review', '2021-01-09 13:52:37', '2021-01-09 13:52:37'),
(312, 2, 'save-about-1', '2021-01-09 13:52:37', '2021-01-09 13:52:37'),
(313, 2, 'about-posts', '2021-01-09 13:52:37', '2021-01-09 13:52:37'),
(314, 2, 'about-show', '2021-01-09 13:52:37', '2021-01-09 13:52:37'),
(315, 2, 'update-about-post', '2021-01-09 13:52:37', '2021-01-09 13:52:37'),
(316, 2, 'delete-about-post', '2021-01-09 13:52:37', '2021-01-09 13:52:37'),
(317, 2, 'messages', '2021-01-09 13:52:37', '2021-01-09 13:52:37'),
(318, 2, 'view-messages', '2021-01-09 13:52:37', '2021-01-09 13:52:37'),
(319, 2, 'message-show', '2021-01-09 13:52:37', '2021-01-09 13:52:37'),
(320, 2, 'delete-message', '2021-01-09 13:52:37', '2021-01-09 13:52:37'),
(321, 2, 'blog/index', '2021-01-09 13:52:37', '2021-01-09 13:52:37'),
(322, 2, 'blog-posts', '2021-01-09 13:52:37', '2021-01-09 13:52:37'),
(323, 2, 'update-blog', '2021-01-09 13:52:37', '2021-01-09 13:52:37'),
(324, 2, 'show-blog', '2021-01-09 13:52:37', '2021-01-09 13:52:37'),
(325, 2, 'save-blog', '2021-01-09 13:52:37', '2021-01-09 13:52:37'),
(326, 2, 'blog/delete', '2021-01-09 13:52:37', '2021-01-09 13:52:37'),
(327, 2, 'blog/category', '2021-01-09 13:52:37', '2021-01-09 13:52:37'),
(328, 2, 'blog/categories', '2021-01-09 13:52:37', '2021-01-09 13:52:37'),
(329, 2, 'show-category', '2021-01-09 13:52:37', '2021-01-09 13:52:37'),
(330, 2, 'set-mail-info', '2021-01-09 13:52:37', '2021-01-09 13:52:37'),
(331, 3, 'admin', '2021-01-09 13:52:57', '2021-01-09 13:52:57'),
(332, 5, 'basic-information', '2021-12-05 02:02:02', '2021-12-05 02:02:02'),
(333, 5, 'admin-change-hub', '2021-12-05 02:02:02', '2021-12-05 02:02:02');

-- --------------------------------------------------------

--
-- Table structure for table `areas`
--

CREATE TABLE `areas` (
  `id` bigint(20) UNSIGNED NOT NULL,
  `name` varchar(191) COLLATE utf8mb4_unicode_ci NOT NULL,
  `zone_id` bigint(20) UNSIGNED NOT NULL,
  `hub_id` bigint(20) UNSIGNED NOT NULL,
  `status` tinyint(1) NOT NULL DEFAULT '1',
  `created_at` timestamp NULL DEFAULT NULL,
  `updated_at` timestamp NULL DEFAULT NULL
) ENGINE=InnoDB DEFAULT CHARSET=utf8mb4 COLLATE=utf8mb4_unicode_ci;

--
-- Dumping data for table `areas`
--

INSERT INTO `areas` (`id`, `name`, `zone_id`, `hub_id`, `status`, `created_at`, `updated_at`) VALUES
(1, 'Agargaon', 1, 4, 1, '2020-11-25 15:46:20', '2020-11-25 15:46:20'),
(2, 'Adabor', 1, 1, 1, '2020-11-25 15:46:44', '2020-11-25 15:46:44'),
(3, 'Adabor, Dhaka', 1, 1, 1, '2020-11-25 15:47:09', '2020-11-25 15:47:09'),
(4, 'Agargaon, Dhaka', 1, 4, 1, '2020-11-25 15:47:10', '2020-11-25 15:47:10'),
(5, 'Balughat', 1, 4, 1, '2020-11-25 15:47:54', '2020-11-25 15:47:54'),
(6, 'Asad Avenue', 1, 1, 1, '2020-11-25 15:48:09', '2020-11-25 15:48:09'),
(7, 'Dhaka Cantonment', 1, 4, 1, '2020-11-25 15:48:31', '2020-11-25 15:48:31'),
(8, 'Azimpur', 1, 1, 1, '2020-11-25 15:48:43', '2020-11-25 15:48:43'),
(9, 'Dhaka Cantonment, Dhaka', 1, 4, 1, '2020-11-25 15:49:05', '2020-11-25 15:49:05'),
(10, 'Azimpur, Dhaka', 1, 1, 1, '2020-11-25 15:49:08', '2020-11-25 15:49:08'),
(11, 'Dewanpara', 1, 4, 1, '2020-11-25 15:49:37', '2020-11-25 15:49:37'),
(12, 'Darussalam', 1, 4, 1, '2020-11-25 15:50:03', '2020-11-25 15:50:03'),
(13, 'Bijoy Shoroni', 1, 1, 1, '2020-11-25 15:50:12', '2020-11-25 15:50:12'),
(14, 'Darussalam, Dhaka', 1, 4, 1, '2020-11-25 15:50:23', '2020-11-25 15:50:23'),
(15, 'Bijoy Shoroni, Dhaka', 1, 1, 1, '2020-11-25 15:50:36', '2020-11-25 15:50:36'),
(16, 'ECB Chattar', 1, 4, 1, '2020-11-25 15:50:48', '2020-11-25 15:50:48'),
(17, 'Dhaka Uddyan', 1, 1, 1, '2020-11-25 15:51:09', '2020-11-25 15:51:09'),
(18, 'ECB Chattar, Dhaka', 1, 4, 1, '2020-11-25 15:51:23', '2020-11-25 15:51:23'),
(19, 'Dhaka Uddyan, Dhaka', 1, 1, 1, '2020-11-25 15:51:35', '2020-11-25 15:51:35'),
(20, 'Gabtoli', 1, 4, 1, '2020-11-25 15:51:51', '2020-11-25 15:51:51'),
(21, 'Dhaka University', 1, 1, 1, '2020-11-25 15:52:01', '2020-11-25 15:52:01'),
(22, 'Gabtoli, Dhaka', 1, 4, 1, '2020-11-25 15:52:15', '2020-11-25 15:52:15'),
(23, 'Dhaka University, Dhaka', 1, 1, 1, '2020-11-25 15:52:30', '2020-11-25 15:52:30'),
(24, 'Vashantek', 1, 4, 1, '2020-11-25 15:52:42', '2020-11-25 15:52:42'),
(25, 'Dhakeshwari', 1, 1, 1, '2020-11-25 15:52:56', '2020-11-25 15:52:56'),
(26, 'Vashantek, Dhaka', 1, 4, 1, '2020-11-25 15:53:07', '2020-11-25 15:53:07'),
(27, 'Dhanmondi', 1, 1, 1, '2020-11-25 15:53:19', '2020-11-25 15:53:19'),
(28, 'Ibrahimpur', 1, 4, 1, '2020-11-25 15:53:34', '2020-11-25 15:53:34'),
(29, 'Farmgate', 1, 1, 1, '2020-11-25 15:54:07', '2020-11-25 15:54:07'),
(30, 'Ibrahimpur, Dhaka', 1, 4, 1, '2020-11-25 15:54:14', '2020-11-25 15:54:14'),
(31, 'Farmgate, Dhaka', 1, 1, 1, '2020-11-25 15:54:36', '2020-11-25 15:54:36'),
(32, 'Kallyanpur', 1, 4, 1, '2020-11-25 15:54:47', '2020-11-25 15:54:47'),
(33, 'Zigatola', 1, 1, 1, '2020-11-25 15:55:04', '2020-11-25 15:55:04'),
(34, 'Kallyanpur, Dhaka', 1, 4, 1, '2020-11-25 15:55:18', '2020-11-25 15:55:18'),
(35, 'Zigatola, Dhaka', 1, 1, 1, '2020-11-25 15:55:30', '2020-11-25 15:55:30'),
(36, 'Kafrul', 1, 4, 1, '2020-11-25 15:55:40', '2020-11-25 15:55:40'),
(37, 'West Dhanmondi', 1, 1, 1, '2020-11-25 15:55:55', '2020-11-25 15:55:55'),
(38, 'Kafrul, Dhaka', 1, 4, 1, '2020-11-25 15:56:04', '2020-11-25 15:56:04'),
(39, 'West Dhanmondi, Dhaka', 1, 1, 1, '2020-11-25 15:56:25', '2020-11-25 15:56:25'),
(40, 'Kazipara', 1, 4, 1, '2020-11-25 15:56:28', '2020-11-25 15:56:28'),
(41, 'Kalabagan', 1, 1, 1, '2020-11-25 15:56:57', '2020-11-25 15:56:57'),
(42, 'Kazipara, Dhaka', 1, 4, 1, '2020-11-25 15:57:00', '2020-11-25 15:57:00'),
(43, 'Kalabagan, Dhaka', 1, 1, 1, '2020-11-25 15:57:23', '2020-11-25 15:57:23'),
(44, 'Kochukhet', 1, 4, 1, '2020-11-25 15:57:25', '2020-11-25 15:57:25'),
(45, 'Kochukhet, Dhaka', 1, 4, 1, '2020-11-25 15:57:47', '2020-11-25 15:57:47'),
(46, 'Manikdi', 1, 4, 1, '2020-11-25 15:58:24', '2020-11-25 15:58:24'),
(47, 'Manikdi, Dhaka', 1, 4, 1, '2020-11-25 15:58:50', '2020-11-25 15:58:50'),
(48, 'Matikata', 1, 4, 1, '2020-11-25 15:59:13', '2020-11-25 15:59:13'),
(49, 'Goran, Dhaka', 1, 1, 1, '2020-11-25 15:59:14', '2020-11-25 15:59:14'),
(50, 'Green Road', 1, 1, 1, '2020-11-25 16:00:16', '2020-11-25 16:00:16'),
(51, 'Matikata, Dhaka', 1, 4, 1, '2020-11-25 16:00:20', '2020-11-25 16:00:20'),
(52, 'Amin Bazar', 1, 1, 1, '2020-11-25 16:00:39', '2020-11-25 16:00:39'),
(53, 'Mirpur', 1, 4, 1, '2020-11-25 16:00:52', '2020-11-25 16:00:52'),
(54, 'Amin Bazar, Dhaka', 1, 1, 1, '2020-11-25 16:01:04', '2020-11-25 16:01:04'),
(55, 'Mirpur Cantonment', 1, 4, 1, '2020-11-25 16:02:11', '2020-11-25 16:02:11'),
(56, 'Mirpur Cantonment, Dhaka', 1, 4, 1, '2020-11-25 16:02:36', '2020-11-25 16:02:36'),
(57, 'Mirpur Diabari', 1, 4, 1, '2020-11-25 16:03:10', '2020-11-25 16:03:10'),
(58, 'Mirpur Diabari, Dhaka', 1, 4, 1, '2020-11-25 16:03:34', '2020-11-25 16:03:34'),
(59, 'Mirpur DOHS', 1, 4, 1, '2020-11-25 16:04:05', '2020-11-25 16:04:05'),
(60, 'Central Road', 1, 1, 1, '2020-11-25 16:04:20', '2020-11-25 16:04:20'),
(61, 'Central Road, Dhaka', 1, 1, 1, '2020-11-25 16:04:43', '2020-11-25 16:04:43'),
(62, 'Tallabag', 1, 1, 1, '2020-11-25 16:05:10', '2020-11-25 16:05:10'),
(63, 'Mirpur Taltola', 1, 4, 1, '2020-11-25 16:05:17', '2020-11-25 16:05:17'),
(64, 'Green Road, Dhaka', 1, 1, 1, '2020-11-25 16:05:34', '2020-11-25 16:05:34'),
(65, 'Mirpur Taltola, Dhaka', 1, 4, 1, '2020-11-25 16:05:38', '2020-11-25 16:05:38'),
(66, 'Kamrangichar', 1, 1, 1, '2020-11-25 16:05:58', '2020-11-25 16:05:58'),
(67, 'Monipur', 1, 4, 1, '2020-11-25 16:06:15', '2020-11-25 16:06:15'),
(68, 'Kamrangichar, Dhaka', 1, 1, 1, '2020-11-25 16:06:51', '2020-11-25 16:06:51'),
(69, 'Monipur, Dhaka', 1, 4, 1, '2020-11-25 16:07:01', '2020-11-25 16:07:01'),
(70, 'Kawran Bazar', 1, 1, 1, '2020-11-25 16:07:17', '2020-11-25 16:07:17'),
(71, 'Monipuripara', 1, 4, 1, '2020-11-25 16:07:23', '2020-11-25 16:07:23'),
(72, 'Kawran Bazar, Dhaka', 1, 1, 1, '2020-11-25 16:07:39', '2020-11-25 16:07:39'),
(73, 'Monipuripara, Dhaka', 1, 4, 1, '2020-11-25 16:07:48', '2020-11-25 16:07:48'),
(74, 'Mohammadpur', 1, 1, 1, '2020-11-25 16:08:06', '2020-11-25 16:08:06'),
(75, 'Pallabi', 1, 4, 1, '2020-11-25 16:08:12', '2020-11-25 16:08:12'),
(76, 'Mohammadpur(Dhaka)', 1, 1, 1, '2020-11-25 16:08:32', '2020-11-25 16:08:32'),
(77, 'Pallabi, Dhaka', 1, 4, 1, '2020-11-25 16:08:33', '2020-11-25 16:08:33'),
(78, 'Shewrapara', 1, 4, 1, '2020-11-25 16:08:53', '2020-11-25 16:08:53'),
(79, 'Shewrapara, Dhaka', 1, 4, 1, '2020-11-25 16:09:15', '2020-11-25 16:09:15'),
(80, 'Mohammadpur(Dhaka), Dhaka', 1, 1, 1, '2020-11-25 16:09:37', '2020-11-25 16:09:37'),
(81, 'Shyamoli', 1, 4, 1, '2020-11-25 16:09:39', '2020-11-25 16:09:39'),
(82, 'Shyamoli, Dhaka', 1, 4, 1, '2020-11-25 16:10:00', '2020-11-25 16:10:00'),
(83, 'Old Elephant Road', 1, 1, 1, '2020-11-25 16:10:05', '2020-11-25 16:10:05'),
(84, 'South Monipur', 1, 4, 1, '2020-11-25 16:10:22', '2020-11-25 16:10:22'),
(85, 'Panthopath', 1, 1, 1, '2020-11-25 16:10:32', '2020-11-25 16:10:32'),
(86, 'South Monipur, Dhaka', 1, 4, 1, '2020-11-25 16:10:42', '2020-11-25 16:10:42'),
(87, 'Panthopath, Dhaka', 1, 1, 1, '2020-11-25 16:11:03', '2020-11-25 16:11:03'),
(88, 'Aziz Palli', 1, 4, 1, '2020-11-25 16:11:07', '2020-11-25 16:11:07'),
(89, 'Science Lab', 1, 1, 1, '2020-11-25 16:11:26', '2020-11-25 16:11:26'),
(90, 'Baigertek', 1, 4, 1, '2020-11-25 16:11:31', '2020-11-25 16:11:31'),
(91, 'Kathalbagan', 1, 1, 1, '2020-11-25 16:11:50', '2020-11-25 16:11:50'),
(92, 'Baigertek, Dhaka', 1, 4, 1, '2020-11-25 16:11:55', '2020-11-25 16:11:55'),
(93, 'Kathalbagan, Dhaka', 1, 1, 1, '2020-11-25 16:12:15', '2020-11-25 16:12:15'),
(94, 'Barontek', 1, 4, 1, '2020-11-25 16:12:17', '2020-11-25 16:12:17'),
(95, 'Barontek, Dhaka', 1, 4, 1, '2020-11-25 16:12:37', '2020-11-25 16:12:37'),
(96, 'New Market', 1, 1, 1, '2020-11-25 16:12:42', '2020-11-25 16:12:42'),
(97, 'Bawnia', 1, 4, 1, '2020-11-25 16:13:01', '2020-11-25 16:13:01'),
(98, 'New Market, Dhaka', 1, 1, 1, '2020-11-25 16:13:07', '2020-11-25 16:13:07'),
(99, 'Bawnia, Dhaka', 1, 4, 1, '2020-11-25 16:13:32', '2020-11-25 16:13:32'),
(100, 'Sukrabad', 1, 1, 1, '2020-11-25 16:13:43', '2020-11-25 16:13:43'),
(101, 'Birulia', 1, 4, 1, '2020-11-25 16:13:54', '2020-11-25 16:13:54'),
(102, 'Sukrabad, Dhaka', 1, 1, 1, '2020-11-25 16:14:11', '2020-11-25 16:14:11'),
(103, 'Birulia, Dhaka', 1, 4, 1, '2020-11-25 16:14:25', '2020-11-25 16:14:25'),
(104, 'Rayer Bazar', 1, 1, 1, '2020-11-25 16:14:36', '2020-11-25 16:14:36'),
(105, 'M.E.S', 1, 4, 1, '2020-11-25 16:15:03', '2020-11-25 16:15:03'),
(106, 'Rayer Bazar, Dhaka', 1, 1, 1, '2020-11-25 16:15:03', '2020-11-25 16:15:03'),
(107, 'Shekhertek', 1, 1, 1, '2020-11-25 16:15:36', '2020-11-25 16:15:36'),
(108, 'Mazar Road', 1, 4, 1, '2020-11-25 16:15:38', '2020-11-25 16:15:38'),
(109, 'Shekhertek, Dhaka', 1, 1, 1, '2020-11-25 16:15:58', '2020-11-25 16:15:58'),
(110, 'Hatirpool', 1, 1, 1, '2020-11-25 16:16:21', '2020-11-25 16:16:21'),
(111, 'Hatirpool, Dhaka', 1, 1, 1, '2020-11-25 16:16:54', '2020-11-25 16:16:54'),
(112, 'Mazar Road, Dhaka', 1, 4, 1, '2020-11-25 16:20:14', '2020-11-25 16:20:14'),
(113, 'Sobhanbag, Dhaka', 1, 1, 1, '2020-11-25 16:20:42', '2020-11-25 16:20:42'),
(114, 'Sher-E-Bangla Nagar', 1, 4, 1, '2020-11-25 16:21:06', '2020-11-25 16:21:06'),
(115, 'Kalshi', 1, 4, 1, '2020-11-25 16:21:08', '2020-11-25 16:21:08'),
(116, 'Kalshi, Dhaka', 1, 4, 1, '2020-11-25 16:21:27', '2020-11-25 16:21:27'),
(117, 'Sher-E-Bangla Nagar, Dhaka', 1, 4, 1, '2020-11-25 16:21:30', '2020-11-25 16:21:30'),
(118, 'Goltek', 1, 4, 1, '2020-11-25 16:21:52', '2020-11-25 16:21:52'),
(119, 'Kazi Nazrul Islam Avenue', 1, 1, 1, '2020-11-25 16:21:56', '2020-11-25 16:21:56'),
(120, 'Manik Mia Avenue', 1, 1, 1, '2020-11-25 16:22:17', '2020-11-25 16:22:17'),
(121, 'Rupnagar Residential Area', 1, 4, 1, '2020-11-25 16:22:19', '2020-11-25 16:22:19'),
(122, 'Rupnagar Residential Area, Dhaka', 1, 4, 1, '2020-11-25 16:22:43', '2020-11-25 16:22:43'),
(123, 'Pilkhana', 1, 1, 1, '2020-11-25 16:22:44', '2020-11-25 16:22:44'),
(124, 'Pilkhana, Dhaka', 1, 1, 1, '2020-11-25 16:23:04', '2020-11-25 16:23:04'),
(125, 'Shah Ali Bag', 1, 4, 1, '2020-11-25 16:23:05', '2020-11-25 16:23:05'),
(126, 'Badda', 1, 2, 1, '2020-11-25 16:23:46', '2020-11-25 16:23:46'),
(127, 'Rainkhola', 1, 4, 1, '2020-11-25 16:23:52', '2020-11-25 16:23:52'),
(128, 'Badda, Dhaka', 1, 2, 1, '2020-11-25 16:24:12', '2020-11-25 16:24:12'),
(129, 'Banani', 1, 2, 1, '2020-11-25 16:24:45', '2020-11-25 16:24:45'),
(130, 'Baily Road', 1, 3, 1, '2020-11-25 16:25:09', '2020-11-25 16:25:09'),
(131, 'Banani DOHS', 1, 2, 1, '2020-11-25 16:25:09', '2020-11-25 16:25:09'),
(132, 'Banani DOHS, Dhaka', 1, 2, 1, '2020-11-25 16:25:34', '2020-11-25 16:25:34'),
(133, 'Baily Road, Dhaka', 1, 3, 1, '2020-11-25 16:25:36', '2020-11-25 16:25:36'),
(134, 'Banani, Dhaka', 1, 2, 1, '2020-11-25 16:25:57', '2020-11-25 16:25:57'),
(135, 'Baridhara', 1, 2, 1, '2020-11-25 16:26:21', '2020-11-25 16:26:21'),
(136, 'Banasree', 1, 3, 1, '2020-11-25 16:26:34', '2020-11-25 16:26:34'),
(137, 'Baridhara DOHS', 1, 2, 1, '2020-11-25 16:26:53', '2020-11-25 16:26:53'),
(138, 'Baridhara DOHS, Dhaka', 1, 2, 1, '2020-11-25 16:27:22', '2020-11-25 16:27:22'),
(139, 'Banglamotor', 1, 3, 1, '2020-11-25 16:28:02', '2020-11-25 16:28:02'),
(140, 'Baridhara, Dhaka', 1, 3, 1, '2020-11-25 16:28:19', '2020-11-25 16:28:19'),
(141, 'Banglamotor, Dhaka', 1, 3, 1, '2020-11-25 16:28:29', '2020-11-25 16:28:29'),
(142, 'Bashabo, Dhaka', 1, 3, 1, '2020-11-25 16:29:45', '2020-11-25 16:29:45'),
(143, 'Bashabo', 1, 3, 1, '2020-11-25 16:30:11', '2020-11-25 16:30:11'),
(144, 'Bashundhara R/A', 1, 2, 1, '2020-11-25 16:30:44', '2020-11-25 16:30:44'),
(145, 'Bashundhara R/A, Dhaka', 1, 2, 1, '2020-11-25 16:39:19', '2020-11-25 16:39:19'),
(146, 'Dhaka Medical', 1, 3, 1, '2020-11-25 16:39:24', '2020-11-25 16:39:24'),
(147, 'Dhaka Medical, Dhaka', 1, 3, 1, '2020-11-25 16:39:48', '2020-11-25 16:39:48'),
(148, 'Vatara', 1, 2, 1, '2020-11-25 16:40:33', '2020-11-25 16:40:33'),
(149, 'Eskaton Garden Road', 1, 3, 1, '2020-11-25 16:40:36', '2020-11-25 16:40:36'),
(150, 'Eskaton Garden Road, Dhaka', 1, 3, 1, '2020-11-25 16:40:58', '2020-11-25 16:40:58'),
(151, 'Eskaton, Dhaka', 1, 3, 1, '2020-11-25 16:41:18', '2020-11-25 16:41:18'),
(152, 'Vatara, Dhaka', 1, 2, 1, '2020-11-25 16:41:45', '2020-11-25 16:41:45'),
(153, 'Elephant Road', 1, 3, 1, '2020-11-25 16:41:47', '2020-11-25 16:41:47'),
(154, 'Elephant Road, Dhaka', 1, 3, 1, '2020-11-25 16:42:05', '2020-11-25 16:42:05'),
(155, 'Gulshan', 1, 2, 1, '2020-11-25 16:42:11', '2020-11-25 16:42:11'),
(156, 'Eskaton', 1, 3, 1, '2020-11-25 16:42:25', '2020-11-25 16:42:25'),
(157, 'Demra, Dhaka', 1, 3, 1, '2020-11-25 16:42:57', '2020-11-25 16:42:57'),
(158, 'Kakrail', 1, 3, 1, '2020-11-25 16:43:18', '2020-11-25 16:43:18'),
(159, 'Kakrail, Dhaka', 1, 3, 1, '2020-11-25 16:43:38', '2020-11-25 16:43:38'),
(160, 'Gulshan 1', 1, 2, 1, '2020-11-25 16:44:05', '2020-11-25 16:44:05'),
(161, 'Arambag', 1, 3, 1, '2020-11-25 16:44:07', '2020-11-25 16:44:07'),
(162, 'Gulshan, Dhaka', 1, 2, 1, '2020-11-25 16:44:26', '2020-11-25 16:44:26'),
(163, 'Arambag, Dhaka', 1, 3, 1, '2020-11-25 16:44:29', '2020-11-25 16:44:29'),
(164, 'Khilkhet', 1, 2, 1, '2020-11-25 16:44:49', '2020-11-25 16:44:49'),
(165, 'Khilkhet, Dhaka', 1, 2, 1, '2020-11-25 16:45:13', '2020-11-25 16:45:13'),
(166, 'Kuril', 1, 2, 1, '2020-11-25 16:45:37', '2020-11-25 16:45:37'),
(167, 'Bosila', 1, 3, 1, '2020-11-25 16:45:55', '2020-11-25 16:45:55'),
(168, 'Kuril, Dhaka', 1, 2, 1, '2020-11-25 16:46:14', '2020-11-25 16:46:14'),
(169, 'Kurmitola', 1, 2, 1, '2020-11-25 16:46:49', '2020-11-25 16:46:49'),
(170, 'Bosila, Dhaka', 1, 3, 1, '2020-11-25 16:46:57', '2020-11-25 16:46:57'),
(171, 'Merul Badda', 1, 2, 1, '2020-11-25 16:47:23', '2020-11-25 16:47:23'),
(172, 'Malibag', 1, 3, 1, '2020-11-25 16:47:48', '2020-11-25 16:47:48'),
(173, 'Malibag, Dhaka', 1, 3, 1, '2020-11-25 16:48:07', '2020-11-25 16:48:07'),
(174, 'Merul Badda, Dhaka', 1, 2, 1, '2020-11-25 16:48:18', '2020-11-25 16:48:18'),
(175, 'Malibagh Taltola', 1, 3, 1, '2020-11-25 16:49:00', '2020-11-25 16:49:00'),
(176, 'Malibagh Taltola, Dhaka', 1, 3, 1, '2020-11-25 16:49:20', '2020-11-25 16:49:20'),
(177, 'Lalmatia', 1, 3, 1, '2020-11-25 16:49:41', '2020-11-25 16:49:41'),
(178, 'Lalmatia, Dhaka', 1, 3, 1, '2020-11-25 16:50:06', '2020-11-25 16:50:06'),
(179, 'Middle Badda', 1, 2, 1, '2020-11-25 16:50:44', '2020-11-25 16:50:44'),
(180, 'Middle Badda, Dhaka', 1, 2, 1, '2020-11-25 16:51:13', '2020-11-25 16:51:13'),
(181, 'Motijheel', 1, 3, 1, '2020-11-25 16:51:13', '2020-11-25 16:51:13'),
(182, 'Motijheel, Dhaka', 1, 3, 1, '2020-11-25 16:51:33', '2020-11-25 16:51:33'),
(183, 'Middle Bashabo', 1, 2, 1, '2020-11-25 16:51:40', '2020-11-25 16:51:40'),
(184, 'Mouchak', 1, 3, 1, '2020-11-25 16:52:00', '2020-11-25 16:52:00'),
(185, 'Mohakhali', 1, 2, 1, '2020-11-25 16:52:12', '2020-11-25 16:52:12'),
(186, 'Mouchak, Dhaka', 1, 3, 1, '2020-11-25 16:52:41', '2020-11-25 16:52:41'),
(187, 'Mohakhali DOHS', 1, 2, 1, '2020-11-25 16:52:43', '2020-11-25 16:52:43'),
(188, 'Mohakhali DOHS, Dhaka', 1, 2, 1, '2020-11-25 16:53:17', '2020-11-25 16:53:17'),
(189, 'Mohakhali, Dhaka', 1, 2, 1, '2020-11-25 16:53:51', '2020-11-25 16:53:51'),
(190, 'Mughdapara, Dhaka', 1, 3, 1, '2020-11-25 16:54:02', '2020-11-25 16:54:02'),
(191, 'Nadda', 1, 2, 1, '2020-11-25 16:54:15', '2020-11-25 16:54:15'),
(192, 'Mughdapara', 1, 3, 1, '2020-11-25 16:54:25', '2020-11-25 16:54:25'),
(193, 'Moghbazar', 1, 3, 1, '2020-11-25 16:54:52', '2020-11-25 16:54:52'),
(194, 'Moghbazar, Dhaka', 1, 3, 1, '2020-11-25 16:55:20', '2020-11-25 16:55:20'),
(195, 'Nadda, Dhaka', 1, 2, 1, '2020-11-25 16:55:23', '2020-11-25 16:55:23'),
(196, 'Khilgaon', 1, 3, 1, '2020-11-25 16:55:41', '2020-11-25 16:55:41'),
(197, 'Nakhalpara', 1, 2, 1, '2020-11-25 16:55:50', '2020-11-25 16:55:50'),
(198, 'Khilgaon, Dhaka', 1, 3, 1, '2020-11-25 16:56:02', '2020-11-25 16:56:02'),
(199, 'Nakhalpara, Dhaka', 1, 2, 1, '2020-11-25 16:56:19', '2020-11-25 16:56:19'),
(200, 'Puran Dhaka', 1, 3, 1, '2020-11-25 16:56:47', '2020-11-25 16:56:47'),
(201, 'Niketon', 1, 2, 1, '2020-11-25 16:57:15', '2020-11-25 16:57:15'),
(202, 'Niketon, Dhaka', 1, 2, 1, '2020-11-25 16:57:38', '2020-11-25 16:57:38'),
(203, 'Rampura', 1, 2, 1, '2020-11-25 16:58:02', '2020-11-25 16:58:02'),
(204, 'Rampura, Dhaka', 1, 2, 1, '2020-11-25 16:58:23', '2020-11-25 16:58:23'),
(205, 'Puran Dhaka, Dhaka', 1, 3, 1, '2020-11-25 16:58:34', '2020-11-25 16:58:34'),
(206, 'Shahjadpur, Dhaka', 1, 2, 1, '2020-11-25 16:58:44', '2020-11-25 16:58:44'),
(207, 'Tejgaon', 1, 2, 1, '2020-11-25 16:59:05', '2020-11-25 16:59:05'),
(208, 'Purana Paltan', 1, 3, 1, '2020-11-25 16:59:08', '2020-11-25 16:59:08'),
(209, 'Tejgaon, Dhaka', 1, 2, 1, '2020-11-25 16:59:35', '2020-11-25 16:59:35'),
(210, 'Purana Paltan, Dhaka', 1, 3, 1, '2020-11-25 16:59:39', '2020-11-25 16:59:39'),
(211, 'Tejkunipara', 1, 2, 1, '2020-11-25 16:59:59', '2020-11-25 16:59:59'),
(212, 'Ramna', 1, 3, 1, '2020-11-25 17:00:01', '2020-11-25 17:00:01'),
(213, 'Tejkunipara, Dhaka', 1, 2, 1, '2020-11-25 17:00:34', '2020-11-25 17:00:34'),
(214, 'Uttor Badda', 1, 2, 1, '2020-11-25 17:01:15', '2020-11-25 17:01:15'),
(215, 'Shantibag', 1, 3, 1, '2020-11-25 17:01:16', '2020-11-25 17:01:16'),
(216, 'Uttor Badda, Dhaka', 1, 2, 1, '2020-11-25 17:01:41', '2020-11-25 17:01:41'),
(217, 'Shantibag, Dhaka', 1, 3, 1, '2020-11-25 17:02:07', '2020-11-25 17:02:07'),
(218, 'Shantinagar', 1, 3, 1, '2020-11-25 17:03:01', '2020-11-25 17:03:01'),
(219, 'Aftabnagar', 1, 2, 1, '2020-11-25 17:03:05', '2020-11-25 17:03:05'),
(220, 'Aftabnagar, Dhaka', 1, 2, 1, '2020-11-25 17:03:30', '2020-11-25 17:03:30'),
(221, 'Shantinagar, Dhaka', 1, 3, 1, '2020-11-25 17:03:35', '2020-11-25 17:03:35'),
(222, 'Bashtola', 1, 2, 1, '2020-11-25 17:03:54', '2020-11-25 17:03:54'),
(223, 'Naya Paltan', 1, 3, 1, '2020-11-25 17:03:58', '2020-11-25 17:03:58'),
(224, 'Shahjadpur', 1, 2, 1, '2020-11-25 17:04:18', '2020-11-25 17:04:18'),
(225, 'Naya Paltan, Dhaka', 1, 3, 1, '2020-11-25 17:04:24', '2020-11-25 17:04:24'),
(226, 'South Badda', 1, 2, 1, '2020-11-25 17:05:13', '2020-11-25 17:05:13'),
(227, 'RayerBag', 1, 3, 1, '2020-11-25 17:05:14', '2020-11-25 17:05:14'),
(228, 'RayerBag, Dhaka', 1, 3, 1, '2020-11-25 17:05:37', '2020-11-25 17:05:37'),
(229, 'South Baridhara, DIT Project', 1, 2, 1, '2020-11-25 17:05:39', '2020-11-25 17:05:39'),
(230, 'Ramna, Dhaka', 1, 3, 1, '2020-11-25 17:05:59', '2020-11-25 17:05:59'),
(231, 'Indira Road', 1, 3, 1, '2020-11-25 17:06:31', '2020-11-25 17:06:31'),
(232, 'Indira Road, Dhaka', 1, 3, 1, '2020-11-25 17:08:18', '2020-11-25 17:08:18'),
(233, 'High Court', 1, 3, 1, '2020-11-25 17:08:40', '2020-11-25 17:08:40'),
(234, 'Notun Bazar', 1, 2, 1, '2020-11-25 17:08:54', '2020-11-25 17:08:54'),
(235, 'Razabazar', 1, 3, 1, '2020-11-25 17:09:08', '2020-11-25 17:09:08'),
(236, 'Razabazar, Dhaka', 1, 3, 1, '2020-11-25 17:09:33', '2020-11-25 17:09:33'),
(237, 'Notun Bazar, Dhaka', 1, 2, 1, '2020-11-25 17:09:48', '2020-11-25 17:09:48'),
(238, 'Press Club', 1, 3, 1, '2020-11-25 17:10:15', '2020-11-25 17:10:15'),
(239, 'Shewra', 1, 2, 1, '2020-11-25 17:10:21', '2020-11-25 17:10:21'),
(240, 'Hazaribag', 1, 3, 1, '2020-11-25 17:10:35', '2020-11-25 17:10:35'),
(241, 'Hazaribag, Dhaka', 1, 3, 1, '2020-11-25 17:10:54', '2020-11-25 17:10:54'),
(242, 'Hatirjheel', 1, 2, 1, '2020-11-25 17:10:57', '2020-11-25 17:10:57'),
(243, 'Dainik Bangla Mor', 1, 3, 1, '2020-11-25 17:11:21', '2020-11-25 17:11:21'),
(244, 'Hatirjheel, Dhaka', 1, 2, 1, '2020-11-25 17:11:32', '2020-11-25 17:11:32'),
(245, 'Donia', 1, 3, 1, '2020-11-25 17:11:50', '2020-11-25 17:11:50'),
(246, 'Hajipara, Dhaka', 1, 2, 1, '2020-11-25 17:11:56', '2020-11-25 17:11:56'),
(247, 'Donia, Dhaka', 1, 3, 1, '2020-11-25 17:12:29', '2020-11-25 17:12:29'),
(248, 'Joar Shahara', 1, 2, 1, '2020-11-25 17:12:40', '2020-11-25 17:12:40'),
(249, 'Golapbag', 1, 3, 1, '2020-11-25 17:12:49', '2020-11-25 17:12:49'),
(250, 'Joar Shahara, Dhaka', 1, 2, 1, '2020-11-25 17:13:02', '2020-11-25 17:13:02'),
(251, 'Golapbag, Dhaka', 1, 3, 1, '2020-11-25 17:13:08', '2020-11-25 17:13:08'),
(252, 'Khilbari Tek', 1, 2, 1, '2020-11-25 17:13:25', '2020-11-25 17:13:25'),
(253, 'Gopibag', 1, 3, 1, '2020-11-25 17:13:26', '2020-11-25 17:13:26'),
(254, 'Khilbari Tek, Dhaka', 1, 2, 1, '2020-11-25 17:13:48', '2020-11-25 17:13:48'),
(255, 'Gopibag, Dhaka', 1, 3, 1, '2020-11-25 17:13:53', '2020-11-25 17:13:53'),
(256, 'Madina nagar', 1, 2, 1, '2020-11-25 17:14:18', '2020-11-25 17:14:18'),
(257, 'Goran', 1, 3, 1, '2020-11-25 17:14:22', '2020-11-25 17:14:22'),
(258, 'Islambag', 1, 3, 1, '2020-11-25 17:14:43', '2020-11-25 17:14:43'),
(259, 'Manda(Dhaka)', 1, 2, 1, '2020-11-25 17:15:01', '2020-11-25 17:15:01'),
(260, 'Islambag, Dhaka', 1, 3, 1, '2020-11-25 17:15:05', '2020-11-25 17:15:05'),
(261, 'Jurain', 1, 3, 1, '2020-11-25 17:15:24', '2020-11-25 17:15:24'),
(262, 'Namapara', 1, 2, 1, '2020-11-25 17:15:41', '2020-11-25 17:15:41'),
(263, 'Jurain, Dhaka', 1, 3, 1, '2020-11-25 17:15:47', '2020-11-25 17:15:47'),
(264, 'Namapara, Dhaka', 1, 2, 1, '2020-11-25 17:16:05', '2020-11-25 17:16:05'),
(265, 'Madartek', 1, 3, 1, '2020-11-25 17:16:10', '2020-11-25 17:16:10'),
(266, 'Madartek, Dhaka', 1, 3, 1, '2020-11-25 17:16:39', '2020-11-25 17:16:39'),
(267, 'Siddweswari', 1, 3, 1, '2020-11-25 17:17:03', '2020-11-25 17:17:03'),
(268, 'Chankarpul', 1, 7, 1, '2020-11-25 17:17:13', '2020-11-25 17:17:13'),
(269, 'Siddweswari, Dhaka', 1, 3, 1, '2020-11-25 17:17:23', '2020-11-25 17:17:23'),
(270, 'Chankarpul, Dhaka', 1, 7, 1, '2020-11-25 17:17:38', '2020-11-25 17:17:38'),
(271, 'Shahjahanpur', 1, 3, 1, '2020-11-25 17:17:43', '2020-11-25 17:17:43'),
(272, 'Fakirapul', 1, 7, 1, '2020-11-25 17:18:01', '2020-11-25 17:18:01'),
(273, 'Shahjahanpur (Dhaka), Dhaka', 1, 3, 1, '2020-11-25 17:18:03', '2020-11-25 17:18:03'),
(274, 'Paribag', 1, 3, 1, '2020-11-25 17:18:22', '2020-11-25 17:18:22'),
(275, 'Fakirapul, Dhaka', 1, 7, 1, '2020-11-25 17:18:27', '2020-11-25 17:18:27'),
(276, 'Paribag, Dhaka', 1, 3, 1, '2020-11-25 17:18:40', '2020-11-25 17:18:40'),
(277, 'Gandaria', 1, 7, 1, '2020-11-25 17:19:04', '2020-11-25 17:19:04'),
(278, 'Gandaria, Dhaka', 1, 7, 1, '2020-11-25 17:19:29', '2020-11-25 17:19:29'),
(279, 'Manik Nagar', 1, 3, 1, '2020-11-25 17:19:54', '2020-11-25 17:19:54'),
(280, 'Jatrabari, Dhaka', 1, 7, 1, '2020-11-25 17:20:23', '2020-11-25 17:20:23'),
(281, 'Manik Nagar, Dhaka', 1, 3, 1, '2020-11-25 17:20:29', '2020-11-25 17:20:29'),
(282, 'Jatrabari', 1, 7, 1, '2020-11-25 17:20:47', '2020-11-25 17:20:47'),
(283, 'Tikatuly', 1, 7, 1, '2020-11-25 17:21:11', '2020-11-25 17:21:11'),
(284, 'Sabujbag', 1, 3, 1, '2020-11-25 17:21:24', '2020-11-25 17:21:24'),
(285, 'Tikatuly, Dhaka', 1, 7, 1, '2020-11-25 17:21:38', '2020-11-25 17:21:38'),
(286, 'Sabujbag, Dhaka', 1, 3, 1, '2020-11-25 17:21:49', '2020-11-25 17:21:49'),
(287, 'Konapara', 1, 3, 1, '2020-11-25 17:22:10', '2020-11-25 17:22:10'),
(288, 'Wari', 1, 7, 1, '2020-11-25 17:22:10', '2020-11-25 18:17:53'),
(289, 'Konapara, Dhaka', 1, 3, 1, '2020-11-25 17:22:32', '2020-11-25 17:22:32'),
(290, 'Wari, Dhaka', 1, 7, 1, '2020-11-25 17:22:35', '2020-11-25 18:17:45'),
(291, 'Meradia', 1, 3, 1, '2020-11-25 17:22:55', '2020-11-25 17:22:55'),
(292, 'Minto Road', 1, 3, 1, '2020-11-25 17:23:20', '2020-11-25 17:23:20'),
(293, 'Tatibazar', 1, 7, 1, '2020-11-25 17:23:21', '2020-11-25 17:23:21'),
(294, 'Minto Road, Dhaka', 1, 3, 1, '2020-11-25 17:23:41', '2020-11-25 17:23:41'),
(295, 'Tatibazar, Dhaka', 1, 7, 1, '2020-11-25 17:23:49', '2020-11-25 17:23:49'),
(296, 'Sutrapur', 1, 7, 1, '2020-11-25 17:24:10', '2020-11-25 17:24:10'),
(297, 'Nandipara', 1, 3, 1, '2020-11-25 17:24:25', '2020-11-25 17:24:25'),
(298, 'Sutrapur, Dhaka', 1, 7, 1, '2020-11-25 17:24:30', '2020-11-25 17:24:30'),
(299, 'Shiddheswari', 1, 3, 1, '2020-11-25 17:24:46', '2020-11-25 17:24:46'),
(300, 'Shiddheswari, Dhaka', 1, 3, 1, '2020-11-25 17:25:06', '2020-11-25 17:25:06'),
(301, 'Sayedabad, Dhaka', 1, 7, 1, '2020-11-25 17:25:16', '2020-11-25 17:25:16'),
(302, 'Shegunbagicha', 1, 3, 1, '2020-11-25 17:25:30', '2020-11-25 17:25:30'),
(303, 'Sayedabad', 1, 7, 1, '2020-11-25 17:25:43', '2020-11-25 17:25:43'),
(304, 'Kamalapur', 1, 7, 1, '2020-11-25 17:26:10', '2020-11-25 17:26:10'),
(305, 'Shegunbagicha, Dhaka', 1, 3, 1, '2020-11-25 17:26:27', '2020-11-25 17:26:27'),
(306, 'Kamalapur, Dhaka', 1, 7, 1, '2020-11-25 17:26:31', '2020-11-25 17:26:31'),
(307, 'Shahbag', 1, 3, 1, '2020-11-25 17:26:48', '2020-11-25 17:26:48'),
(308, 'Rajarbag', 1, 7, 1, '2020-11-25 17:27:02', '2020-11-25 17:27:02'),
(309, 'Shahbag, Dhaka', 1, 3, 1, '2020-11-25 17:27:11', '2020-11-25 17:27:11'),
(310, 'Postogola', 1, 7, 1, '2020-11-25 17:27:30', '2020-11-25 17:27:30'),
(311, 'Azampur', 1, 5, 1, '2020-11-25 17:27:51', '2020-11-25 17:27:51'),
(312, 'Postogola, Dhaka', 1, 7, 1, '2020-11-25 17:27:56', '2020-11-25 17:27:56'),
(313, 'Azampur, Dhaka', 1, 5, 1, '2020-11-25 17:28:13', '2020-11-25 17:28:13'),
(314, 'Shonir Akhra', 1, 7, 1, '2020-11-25 17:28:24', '2020-11-25 17:28:24'),
(315, 'Dakshinkhan', 1, 5, 1, '2020-11-25 17:28:33', '2020-11-25 17:28:33'),
(316, 'Shonir Akhra, Dhaka', 1, 7, 1, '2020-11-25 17:28:45', '2020-11-25 17:28:45'),
(317, 'Dakshinkhan, Dhaka', 1, 5, 1, '2020-11-25 17:28:55', '2020-11-25 17:28:55'),
(318, 'Katherpol', 1, 7, 1, '2020-11-25 17:29:12', '2020-11-25 17:29:12'),
(319, 'Kawla', 1, 5, 1, '2020-11-25 17:29:23', '2020-11-25 17:29:23'),
(320, 'Katherpol, Dhaka', 1, 7, 1, '2020-11-25 17:29:38', '2020-11-25 17:29:38'),
(321, 'Kawla, Dhaka', 1, 5, 1, '2020-11-25 17:29:44', '2020-11-25 17:29:44'),
(322, 'Matuail', 1, 7, 1, '2020-11-25 17:30:01', '2020-11-25 17:30:01'),
(323, 'Uttara', 1, 5, 1, '2020-11-25 17:30:04', '2020-11-25 17:30:04'),
(324, 'Matuail, Dhaka', 1, 7, 1, '2020-11-25 17:30:27', '2020-11-25 17:30:27'),
(325, 'Uttara, Dhaka', 1, 5, 1, '2020-11-25 17:30:32', '2020-11-25 17:30:32'),
(326, 'Uttarkhan', 1, 5, 1, '2020-11-25 17:31:22', '2020-11-25 17:31:22'),
(327, 'Uttarkhan, Dhaka', 1, 5, 1, '2020-11-25 17:31:44', '2020-11-25 17:31:44'),
(328, 'Nikunja', 1, 5, 1, '2020-11-25 17:32:03', '2020-11-25 17:32:03'),
(329, 'Nikunja, Dhaka', 1, 5, 1, '2020-11-25 17:32:44', '2020-11-25 17:32:44'),
(330, 'Fayedabad', 1, 5, 1, '2020-11-25 17:33:15', '2020-11-25 17:33:15'),
(331, 'Narinda', 1, 7, 1, '2020-11-25 17:33:16', '2020-11-25 17:33:16'),
(332, 'Narinda, Dhaka', 1, 7, 1, '2020-11-25 17:33:42', '2020-11-25 17:33:42'),
(333, 'Naddapara', 1, 5, 1, '2020-11-25 17:33:43', '2020-11-25 17:33:43'),
(334, 'Shyampur', 1, 7, 1, '2020-11-25 17:34:11', '2020-11-25 17:34:11'),
(335, 'Babubazar', 1, 6, 1, '2020-11-25 17:34:17', '2020-11-25 17:34:17'),
(336, 'Shyampur, Dhaka', 1, 7, 1, '2020-11-25 17:34:35', '2020-11-25 17:34:35'),
(337, 'Babubazar, Dhaka', 1, 6, 1, '2020-11-25 17:34:45', '2020-11-25 17:34:45'),
(338, 'Shwamibag', 1, 7, 1, '2020-11-25 17:35:02', '2020-11-25 17:35:02'),
(339, 'Shwamibag, Dhaka', 1, 7, 1, '2020-11-25 17:35:49', '2020-11-25 17:35:49'),
(340, 'Bakshibazar', 1, 6, 1, '2020-11-25 17:36:53', '2020-11-25 17:36:53'),
(341, 'Sadarghat', 1, 7, 1, '2020-11-25 17:37:52', '2020-11-25 17:37:52'),
(342, 'Bakshibazar, Dhaka', 1, 6, 1, '2020-11-25 17:38:00', '2020-11-25 17:38:00'),
(343, 'Sadarghat (Dhaka)', 1, 7, 1, '2020-11-25 17:38:28', '2020-11-25 17:38:28'),
(344, 'Bongo Bazar', 1, 6, 1, '2020-11-25 17:38:30', '2020-11-25 17:38:30'),
(345, 'Sadarghat (Dhaka), Dhaka', 1, 7, 1, '2020-11-25 17:39:06', '2020-11-25 17:39:06'),
(346, 'Shakhari Bazar', 1, 7, 1, '2020-11-25 17:39:28', '2020-11-25 17:39:28'),
(347, 'Shankar', 1, 7, 1, '2020-11-25 17:39:58', '2020-11-25 17:39:58'),
(348, 'Bongshal', 1, 6, 1, '2020-11-25 17:40:42', '2020-11-25 17:40:42'),
(349, 'Shankar, Dhaka', 1, 7, 1, '2020-11-25 17:40:45', '2020-11-25 17:40:45'),
(350, 'Bongshal, Dhaka', 1, 6, 1, '2020-11-25 17:41:19', '2020-11-25 17:41:19'),
(351, 'Chawkbazar', 1, 6, 1, '2020-11-25 17:41:52', '2020-11-25 17:41:52'),
(352, 'Chawkbazar (Dhaka)', 1, 6, 1, '2020-11-25 17:42:26', '2020-11-25 17:42:26'),
(353, 'Chawkbazar (Dhaka), Dhaka', 1, 6, 1, '2020-11-25 17:42:49', '2020-11-25 17:42:49'),
(354, 'Dholaipar', 1, 6, 1, '2020-11-25 17:43:10', '2020-11-25 17:43:10'),
(355, 'Dholaipar, Dhaka', 1, 6, 1, '2020-11-25 17:43:32', '2020-11-25 17:43:32'),
(356, 'Dolaikhal', 1, 6, 1, '2020-11-25 17:44:05', '2020-11-25 17:44:05'),
(357, 'Dolaikhal, Dhaka', 1, 6, 1, '2020-11-25 17:44:30', '2020-11-25 17:44:30'),
(358, 'Armanitola', 1, 6, 1, '2020-11-25 17:44:57', '2020-11-25 17:44:57'),
(359, 'Armanitola, Dhaka', 1, 6, 1, '2020-11-25 17:45:22', '2020-11-25 17:45:22'),
(360, 'Bangla Bazar', 1, 6, 1, '2020-11-25 17:46:30', '2020-11-25 17:46:30'),
(361, 'Bangla Bazar, Dhaka', 1, 6, 1, '2020-11-25 17:46:52', '2020-11-25 17:46:52'),
(362, 'Lalbagh', 1, 6, 1, '2020-11-25 17:47:13', '2020-11-25 17:47:13'),
(363, 'Lalbagh, Dhaka', 1, 6, 1, '2020-11-25 17:47:33', '2020-11-25 17:47:33'),
(364, 'Gudaraghat, Dhaka', 1, 6, 1, '2020-11-25 17:47:55', '2020-11-25 17:47:55'),
(365, 'Gulistan', 1, 6, 1, '2020-11-25 17:48:21', '2020-11-25 17:48:21'),
(366, 'Gulistan, Dhaka', 1, 6, 1, '2020-11-25 17:48:41', '2020-11-25 17:48:41'),
(367, 'Nawabgonj', 1, 6, 1, '2020-11-25 17:49:01', '2020-11-25 17:49:01'),
(368, 'Nawabgonj Puran Dhaka', 1, 6, 1, '2020-11-25 17:49:20', '2020-11-25 17:49:20'),
(369, 'Nawabgonj, Dhaka', 1, 6, 1, '2020-11-25 17:49:42', '2020-11-25 17:49:42'),
(370, 'Nawabpur', 1, 6, 1, '2020-11-25 17:50:14', '2020-11-25 17:50:14'),
(371, 'Nawabpur, Dhaka', 1, 6, 1, '2020-11-25 17:50:37', '2020-11-25 17:50:37'),
(372, 'Naya Bazar', 1, 6, 1, '2020-11-25 17:50:59', '2020-11-25 17:50:59'),
(373, 'Nilkhet', 1, 6, 1, '2020-11-25 17:56:47', '2020-11-25 17:56:47'),
(374, 'Nilkhet, Dhaka', 1, 6, 1, '2020-11-25 17:58:04', '2020-11-25 17:58:04'),
(375, 'Nazira Bazar', 1, 6, 1, '2020-11-25 17:58:55', '2020-11-25 17:58:55'),
(376, 'Nazira Bazar, Dhaka', 1, 6, 1, '2020-11-25 17:59:15', '2020-11-25 17:59:15'),
(377, 'Katabon', 1, 6, 1, '2020-11-25 17:59:34', '2020-11-25 17:59:34'),
(378, 'Islampur(Dhaka)', 1, 6, 1, '2020-11-25 18:00:40', '2020-11-25 18:00:40'),
(379, 'Islampur(Dhaka), Dhaka', 1, 6, 1, '2020-11-25 18:01:00', '2020-11-25 18:01:00'),
(380, 'Naya Bazar, Dhaka', 1, 6, 1, '2020-11-25 18:02:06', '2020-11-25 18:02:06'),
(381, 'Nayabazar', 1, 6, 1, '2020-11-25 18:03:10', '2020-11-25 18:03:10'),
(382, 'Nayabazar, Dhaka', 1, 6, 1, '2020-11-25 18:03:35', '2020-11-25 18:03:35'),
(383, 'Dohar', 1, 6, 1, '2020-11-25 18:03:53', '2020-11-25 18:03:53'),
(384, 'Dohar, Dhaka', 1, 6, 1, '2020-11-25 18:04:16', '2020-11-25 18:04:16'),
(385, 'Imamgonj', 1, 6, 1, '2020-11-25 18:04:41', '2020-11-25 18:04:41'),
(386, 'Imamgonj, Dhaka', 1, 6, 1, '2020-11-25 18:05:01', '2020-11-25 18:05:01'),
(387, 'Kaltabazar', 1, 6, 1, '2020-11-25 18:05:23', '2020-11-25 18:05:23'),
(388, 'Kaltabazar, Dhaka', 1, 6, 1, '2020-11-25 18:05:44', '2020-11-25 18:05:44'),
(389, 'Luxmi Bazar', 1, 6, 1, '2020-11-25 18:06:05', '2020-11-25 18:06:05'),
(390, 'Luxmi Bazar, Dhaka', 1, 6, 1, '2020-11-25 18:06:25', '2020-11-25 18:06:25'),
(391, 'Siddique Bazar', 1, 6, 1, '2020-11-25 18:06:58', '2020-11-25 18:06:58'),
(392, 'Siddique Bazar, Dhaka', 1, 6, 1, '2020-11-25 18:07:19', '2020-11-25 18:07:19'),
(393, 'Kaptan Bazar', 1, 6, 1, '2020-11-25 18:07:38', '2020-11-25 18:07:38'),
(394, 'Kaptan Bazar, Dhaka', 1, 6, 1, '2020-11-25 18:08:00', '2020-11-25 18:08:00'),
(395, 'Mitford', 1, 6, 1, '2020-11-25 18:08:21', '2020-11-25 18:08:21'),
(396, 'Patuatuly', 1, 6, 1, '2020-11-25 18:09:19', '2020-11-25 18:09:19'),
(397, 'Akhaura, Brahmanbaria', 2, 12, 1, '2020-11-26 14:09:21', '2020-11-26 14:09:21'),
(398, 'Kamalnagar, Laksmipur', 2, 48, 1, '2020-11-26 14:10:11', '2020-11-26 14:10:11'),
(399, 'Ashuganj, Brahmanbaria', 2, 12, 1, '2020-11-26 14:10:17', '2020-11-26 14:10:17'),
(400, 'Bancharampur, Brahmanbaria', 2, 12, 1, '2020-11-26 14:10:54', '2020-11-26 14:10:54'),
(401, 'Lakhai', 2, 48, 1, '2020-11-26 14:11:01', '2020-11-26 14:11:01'),
(402, 'Laksam', 2, 48, 1, '2020-11-26 14:11:28', '2020-11-26 14:11:28'),
(403, 'Brahmanbaria Sadar', 2, 12, 1, '2020-11-26 14:11:37', '2020-11-26 14:11:37'),
(404, 'Brahmanbaria Sadar, Brahmanbaria', 2, 12, 1, '2020-11-26 14:12:36', '2020-11-26 14:12:36'),
(405, 'Kashba, Brahmanbaria', 2, 12, 1, '2020-11-26 14:13:11', '2020-11-26 14:13:11'),
(406, 'Laksmipur Sadar', 2, 48, 1, '2020-11-26 14:13:14', '2020-11-26 14:13:14'),
(407, 'Laksmipur Sadar, Laksmipur', 2, 48, 1, '2020-11-26 14:13:37', '2020-11-26 14:13:37'),
(408, 'Nabinagar (Brahmanbaria)', 2, 12, 1, '2020-11-26 14:13:47', '2020-11-26 14:13:47'),
(409, 'Raipur, Laksmipur', 2, 48, 1, '2020-11-26 14:14:01', '2020-11-26 14:14:01'),
(410, 'Nabinagar (Brahmanbaria), Brahmanbaria', 2, 12, 1, '2020-11-26 14:14:12', '2020-11-26 14:14:12'),
(411, 'Nasirnagar, Brahmanbaria', 2, 12, 1, '2020-11-26 14:14:34', '2020-11-26 14:14:34'),
(412, 'Ramganj, Laksmipur', 2, 48, 1, '2020-11-26 14:14:49', '2020-11-26 14:14:49'),
(413, 'Sarail, Brahmanbaria', 2, 12, 1, '2020-11-26 14:14:59', '2020-11-26 14:14:59'),
(414, 'Ramgati, Laksmipur', 2, 48, 1, '2020-11-26 14:15:05', '2020-11-26 14:15:05'),
(415, 'Aditmari, Lalmonirhat', 2, 48, 1, '2020-11-26 14:15:29', '2020-11-26 14:15:29'),
(416, 'Hatibandha, Lalmonirhat', 2, 48, 1, '2020-11-26 14:15:49', '2020-11-26 14:15:49'),
(417, 'Kaliganj(Lalmonirhat)', 2, 48, 1, '2020-11-26 14:17:09', '2020-11-26 14:17:09'),
(418, 'Kaliganj(Lalmonirhat), Lalmonirhat', 2, 48, 1, '2020-11-26 14:17:28', '2020-11-26 14:17:28'),
(419, 'Lalmonirhat Sadar', 2, 48, 1, '2020-11-26 14:17:57', '2020-11-26 14:17:57'),
(420, 'Lalmonirhat Sadar, Lalmonirhat', 2, 48, 1, '2020-11-26 14:18:18', '2020-11-26 14:18:18'),
(421, 'Patgram, Lalmonirhat', 2, 48, 1, '2020-11-26 14:18:33', '2020-11-26 14:18:33'),
(422, 'Bagerhat Sadar', 2, 23, 1, '2020-11-26 14:19:17', '2020-11-26 14:19:17'),
(423, 'Bagerhat Sadar, Bagerhat', 2, 23, 1, '2020-11-26 14:19:49', '2020-11-26 14:19:49'),
(424, 'Damudiya, Shariatpur', 2, 51, 1, '2020-11-26 14:19:57', '2020-11-26 14:19:57'),
(425, 'Gosairhat, Shariatpur', 2, 51, 1, '2020-11-26 14:21:10', '2020-11-26 14:21:10'),
(426, 'Kalkini, Madaripur', 2, 51, 1, '2020-11-26 14:21:32', '2020-11-26 14:21:32'),
(427, 'Chitalmari, Bagerhat', 2, 23, 1, '2020-11-26 14:23:32', '2020-11-26 14:23:32'),
(428, 'Fakirhat, Bagerhat', 2, 23, 1, '2020-11-26 14:23:58', '2020-11-26 14:23:58'),
(429, 'Kachua(Bagerhat)', 2, 23, 1, '2020-11-26 14:24:22', '2020-11-26 14:24:22'),
(430, 'Kachua(Bagerhat), Bagerhat', 2, 23, 1, '2020-11-26 14:25:02', '2020-11-26 14:25:02'),
(431, 'Mollarhat, Bagerhat', 2, 23, 1, '2020-11-26 14:25:27', '2020-11-26 14:25:27'),
(432, 'Mongla, Bagerhat', 2, 23, 1, '2020-11-26 14:25:52', '2020-11-26 14:25:52'),
(433, 'Morelganj, Bagerhat', 2, 23, 1, '2020-11-26 14:26:16', '2020-11-26 14:26:16'),
(434, 'Rampal, Bagerhat', 2, 23, 1, '2020-11-26 14:26:44', '2020-11-26 14:26:44'),
(435, 'Sarankhola, Bagerhat', 2, 23, 1, '2020-11-26 14:27:19', '2020-11-26 14:27:19'),
(436, 'Ali Kadam, Bandarban', 2, 16, 1, '2020-11-26 14:27:42', '2020-11-26 14:27:42'),
(437, 'Bandarban Sadar', 2, 16, 1, '2020-11-26 14:28:18', '2020-11-26 14:28:18'),
(438, 'Bandarban Sadar, Bandarban', 2, 16, 1, '2020-11-26 14:28:51', '2020-11-26 14:28:51'),
(439, 'Lama, Bandarban', 2, 16, 1, '2020-11-26 14:29:13', '2020-11-26 14:29:13'),
(440, 'Nakhoyngchari, Bandarban', 2, 16, 1, '2020-11-26 14:29:48', '2020-11-26 14:29:48'),
(441, 'Thanchi, Bandarban', 2, 16, 1, '2020-11-26 14:30:15', '2020-11-26 14:30:15'),
(442, 'Amtali, Barguna', 2, 19, 1, '2020-11-26 14:31:17', '2020-11-26 14:31:17'),
(443, 'Bamna, Barguna', 2, 19, 1, '2020-11-26 14:31:56', '2020-11-26 14:31:56'),
(444, 'Madarganj', 2, 51, 1, '2020-11-26 14:31:59', '2020-11-26 14:31:59'),
(445, 'Madaripur Sadar', 2, 51, 1, '2020-11-26 14:32:15', '2020-11-26 14:32:15'),
(446, 'Barguna Sadar', 2, 19, 1, '2020-11-26 14:32:19', '2020-11-26 14:32:19'),
(447, 'Madaripur Sadar, Madaripur', 2, 51, 1, '2020-11-26 14:32:29', '2020-11-26 14:32:29'),
(448, 'Naria, Shariatpur', 2, 51, 1, '2020-11-26 14:32:48', '2020-11-26 14:32:48'),
(449, 'Barguna Sadar, Barguna', 2, 19, 1, '2020-11-26 14:32:48', '2020-11-26 14:32:48'),
(450, 'Betagi, Barguna', 2, 19, 1, '2020-11-26 14:33:13', '2020-11-26 14:33:13'),
(451, 'Patharghata, Barguna', 2, 19, 1, '2020-11-26 14:33:35', '2020-11-26 14:33:35'),
(452, 'Agailjhara, Barisal', 2, 10, 1, '2020-11-26 14:34:19', '2020-11-26 14:34:19'),
(453, 'Babuganj, Barisal', 2, 10, 1, '2020-11-26 14:34:56', '2020-11-26 14:34:56'),
(454, 'Rajoir, Madaripur', 2, 51, 1, '2020-11-26 14:35:06', '2020-11-26 14:35:06'),
(455, 'Bakerganj, Barisal', 2, 10, 1, '2020-11-26 14:35:18', '2020-11-26 14:35:18'),
(456, 'Shariatpur', 2, 51, 1, '2020-11-26 14:35:33', '2020-11-26 14:35:33'),
(457, 'Shariatpur Sadar', 2, 51, 1, '2020-11-26 14:35:52', '2020-11-26 14:35:52'),
(458, 'Banaripara, Barisal', 2, 10, 1, '2020-11-26 14:35:53', '2020-11-26 14:35:53'),
(459, 'Barisal Sadar', 2, 10, 1, '2020-11-26 14:36:24', '2020-11-26 14:36:24'),
(460, 'Sharishabari', 2, 51, 1, '2020-11-26 14:37:34', '2020-11-26 14:37:34'),
(461, 'Barisal Sadar, Barisal', 2, 10, 1, '2020-11-26 14:37:46', '2020-11-26 14:37:46'),
(462, 'Sharsha', 2, 51, 1, '2020-11-26 14:37:51', '2020-11-26 14:37:51'),
(463, 'Shibchar, Madaripur', 2, 51, 1, '2020-11-26 14:38:06', '2020-11-26 14:38:06'),
(464, 'Gournadi, Barisal', 2, 10, 1, '2020-11-26 14:38:08', '2020-11-26 14:38:08'),
(465, 'Zajira, Shariatpur', 2, 51, 1, '2020-11-26 14:38:20', '2020-11-26 14:38:20'),
(466, 'Hijla, Barisal', 2, 10, 1, '2020-11-26 14:38:38', '2020-11-26 14:38:38'),
(467, 'Magura Sadar', 2, 52, 1, '2020-11-26 14:38:50', '2020-11-26 14:38:50'),
(468, 'Magura Sadar, Magura', 2, 52, 1, '2020-11-26 14:39:12', '2020-11-26 14:39:12'),
(469, 'Mohammadpur(Magura)', 2, 52, 1, '2020-11-26 14:39:29', '2020-11-26 14:39:29'),
(470, 'Mohammadpur(Magura), Magura', 2, 52, 1, '2020-11-26 14:39:48', '2020-11-26 14:39:48'),
(471, 'Shalikha, Magura', 2, 52, 1, '2020-11-26 14:40:02', '2020-11-26 14:40:02'),
(472, 'Sreepur(Magura)', 2, 52, 1, '2020-11-26 14:40:26', '2020-11-26 14:40:26'),
(473, 'Sreepur(Magura), Magura', 2, 52, 1, '2020-11-26 14:40:46', '2020-11-26 14:40:46'),
(474, 'Wazirpur, Barisal', 2, 10, 1, '2020-11-26 14:41:25', '2020-11-26 14:41:25'),
(475, 'Daulatpur(Manikganj)', 2, 53, 1, '2020-11-26 14:41:37', '2020-11-26 14:41:37'),
(476, 'Daulatpur(Manikganj), Manikganj', 2, 53, 1, '2020-11-26 14:41:52', '2020-11-26 14:41:52'),
(477, 'Bhola Sadar, Bhola', 2, 13, 1, '2020-11-26 14:42:00', '2020-11-26 14:42:00'),
(478, 'Ghior, Manikganj', 2, 53, 1, '2020-11-26 14:42:16', '2020-11-26 14:42:16'),
(479, 'Manikganj Sadar', 2, 53, 1, '2020-11-26 14:42:32', '2020-11-26 14:42:32'),
(480, 'Bholahat', 2, 13, 1, '2020-11-26 14:42:38', '2020-11-26 14:42:38'),
(481, 'Manikganj Sadar, Manikganj', 2, 53, 1, '2020-11-26 14:42:52', '2020-11-26 14:42:52'),
(482, 'Borhanuddin, Bhola', 2, 13, 1, '2020-11-26 14:43:02', '2020-11-26 14:43:02'),
(483, 'Saturia, Manikganj', 2, 53, 1, '2020-11-26 14:43:14', '2020-11-26 14:43:14'),
(484, 'Charfession, Bhola', 2, 13, 1, '2020-11-26 14:43:27', '2020-11-26 14:43:27'),
(485, 'Shibalaya, Manikganj', 2, 53, 1, '2020-11-26 14:43:32', '2020-11-26 14:43:32'),
(486, 'Singair, Manikganj', 2, 53, 1, '2020-11-26 14:43:48', '2020-11-26 14:43:48'),
(487, 'Daulatkhan, Bhola', 2, 13, 1, '2020-11-26 14:43:49', '2020-11-26 14:43:49'),
(488, 'Lalmohan, Bhola', 2, 13, 1, '2020-11-26 14:44:13', '2020-11-26 14:44:13'),
(489, 'Gangni, Meherpur', 2, 55, 1, '2020-11-26 14:44:17', '2020-11-26 14:44:17'),
(490, 'Tajumuddin, Bhola', 2, 13, 1, '2020-11-26 14:44:39', '2020-11-26 14:44:39'),
(491, 'Meherpur Sadar', 2, 55, 1, '2020-11-26 14:44:41', '2020-11-26 14:44:41'),
(492, 'Meherpur Sadar, Meherpur', 2, 55, 1, '2020-11-26 14:45:03', '2020-11-26 14:45:03'),
(493, 'Adamdighi (Bogra)', 2, 8, 1, '2020-11-26 14:45:09', '2020-11-26 14:45:09'),
(494, 'Mujibnagar, Meherpur', 2, 55, 1, '2020-11-26 14:45:19', '2020-11-26 14:45:19'),
(495, 'Adamdighi (Bogra), Bogra', 2, 8, 1, '2020-11-26 14:45:29', '2020-11-26 14:45:29'),
(496, 'Bogra', 2, 8, 1, '2020-11-26 14:46:00', '2020-11-26 14:46:00'),
(497, 'Bogra Sadar', 2, 8, 1, '2020-11-26 14:46:25', '2020-11-26 14:46:25'),
(498, 'Baralikha', 2, 56, 1, '2020-11-26 14:46:46', '2020-11-26 14:46:46'),
(499, 'Kalmakanda', 2, 56, 1, '2020-11-26 14:47:02', '2020-11-26 14:47:02'),
(500, 'Bogra Sadar, Bogra', 2, 8, 1, '2020-11-26 14:47:11', '2020-11-26 14:47:11'),
(501, 'Kamalganj, Moulvibazar', 2, 56, 1, '2020-11-26 14:47:23', '2020-11-26 14:47:23'),
(502, 'Dhubchanchia, Bogra', 2, 8, 1, '2020-11-26 14:47:36', '2020-11-26 14:47:36'),
(503, 'Kulaura, Moulvibazar', 2, 56, 1, '2020-11-26 14:47:40', '2020-11-26 14:47:40'),
(504, 'Dhunot, Bogra', 2, 8, 1, '2020-11-26 14:47:56', '2020-11-26 14:47:56'),
(505, 'Moulovibazar', 2, 56, 1, '2020-11-26 14:47:58', '2020-11-26 14:47:58'),
(506, 'Moulvibazar Sadar', 2, 56, 1, '2020-11-26 14:48:17', '2020-11-26 14:48:17'),
(507, 'Gabtali, Bogra', 2, 8, 1, '2020-11-26 14:48:23', '2020-11-26 14:48:23'),
(508, 'Moulvibazar Sadar, Moulvibazar', 2, 56, 1, '2020-11-26 14:48:46', '2020-11-26 14:48:46'),
(509, 'Rajnagar, Moulvibazar', 2, 56, 1, '2020-11-26 14:49:03', '2020-11-26 14:49:03'),
(510, 'Sreemongal, Moulvibazar', 2, 56, 1, '2020-11-26 14:49:18', '2020-11-26 14:49:18'),
(511, 'Sariakandi, Bogra', 2, 8, 1, '2020-11-26 14:49:52', '2020-11-26 14:49:52'),
(512, 'Gazaria, Munshiganj', 2, 58, 1, '2020-11-26 14:49:59', '2020-11-26 14:49:59'),
(513, 'Shajahanpur Bogura, Bogra', 2, 8, 1, '2020-11-26 14:50:13', '2020-11-26 14:50:13'),
(514, 'Sherpur (Bogra)', 2, 8, 1, '2020-11-26 14:50:32', '2020-11-26 14:50:32'),
(515, 'Sherpur (Bogra), Bogra', 2, 8, 1, '2020-11-26 14:50:54', '2020-11-26 14:50:54'),
(516, 'Lauhajang, Munshiganj', 2, 58, 1, '2020-11-26 14:51:04', '2020-11-26 14:51:04'),
(517, 'Munshiganj Sadar', 2, 58, 1, '2020-11-26 14:51:19', '2020-11-26 14:51:19'),
(518, 'Sherpur, Bogra', 2, 8, 1, '2020-11-26 14:51:26', '2020-11-26 14:51:26'),
(519, 'Munshiganj Sadar, Munshiganj', 2, 58, 1, '2020-11-26 14:51:43', '2020-11-26 14:51:43'),
(520, 'Shibganj ( Bogra )', 2, 8, 1, '2020-11-26 14:51:47', '2020-11-26 14:51:47'),
(521, 'Serajdikhan, Munshiganj', 2, 58, 1, '2020-11-26 14:52:31', '2020-11-26 14:52:31'),
(522, 'Shibganj ( Bogra ), Bogra', 2, 8, 1, '2020-11-26 14:52:32', '2020-11-26 14:52:32'),
(523, 'Sreenagar, Munshiganj', 2, 58, 1, '2020-11-26 14:52:47', '2020-11-26 14:52:47'),
(524, 'Shibganj, Bogra', 2, 8, 1, '2020-11-26 14:52:57', '2020-11-26 14:52:57'),
(525, 'Sonatola, Bogra', 2, 8, 1, '2020-11-26 14:53:19', '2020-11-26 14:53:19'),
(526, 'Bhaluka, Mymensingh', 2, 60, 1, '2020-11-26 14:53:52', '2020-11-26 14:53:52'),
(527, 'Dhubaura, Mymensingh', 2, 60, 1, '2020-11-26 14:54:05', '2020-11-26 14:54:05'),
(528, 'Fulbaria (Mymensingh', 2, 60, 1, '2020-11-26 14:54:19', '2020-11-26 14:54:19'),
(529, 'Chandpur Sadar, Chandpur', 2, 21, 1, '2020-11-26 14:54:27', '2020-11-26 14:54:27'),
(530, 'Fulbaria (Mymensingh, Mymensingh', 2, 60, 1, '2020-11-26 14:54:36', '2020-11-26 14:54:36'),
(531, 'Fulpur, Mymensingh', 2, 60, 1, '2020-11-26 14:54:51', '2020-11-26 14:54:51'),
(532, 'Faridganj, Chandpur', 2, 21, 1, '2020-11-26 14:54:53', '2020-11-26 14:54:53'),
(533, 'Goffargaon, Mymensingh', 2, 60, 1, '2020-11-26 14:55:09', '2020-11-26 14:55:09'),
(534, 'Haimchar, Chandpur', 2, 21, 1, '2020-11-26 14:55:14', '2020-11-26 14:55:14'),
(535, 'Gouripur, Mymensingh', 2, 60, 1, '2020-11-26 14:55:25', '2020-11-26 14:55:25'),
(536, 'Hajiganj, Chandpur', 2, 21, 1, '2020-11-26 14:55:41', '2020-11-26 14:55:41'),
(537, 'Haluaghat, Mymensingh', 2, 60, 1, '2020-11-26 14:55:47', '2020-11-26 14:55:47'),
(538, 'Iswarganj, Mymensingh', 2, 60, 1, '2020-11-26 14:55:59', '2020-11-26 14:55:59'),
(539, 'Kachua(Chandpur)', 2, 21, 1, '2020-11-26 14:56:06', '2020-11-26 14:56:06'),
(540, 'Kachua(Chandpur), Chandpur', 2, 21, 1, '2020-11-26 14:56:27', '2020-11-26 14:56:27'),
(541, 'Kotchandpur', 2, 21, 1, '2020-11-26 14:56:50', '2020-11-26 14:56:50'),
(542, 'Muktagacha, Mymensingh', 2, 60, 1, '2020-11-26 14:57:13', '2020-11-26 14:57:13'),
(543, 'Matlab (North)(Chengarchar), Chandpur', 2, 21, 1, '2020-11-26 14:57:17', '2020-11-26 14:57:17'),
(544, 'Mymensingh', 2, 60, 1, '2020-11-26 14:57:30', '2020-11-26 14:57:30'),
(545, 'Matlab (South), Chandpur', 2, 21, 1, '2020-11-26 14:57:37', '2020-11-26 14:57:37'),
(546, 'Mymensingh Sadar', 2, 60, 1, '2020-11-26 14:57:44', '2020-11-26 14:57:44'),
(547, 'Mymensingh Sadar, Mymensingh', 2, 60, 1, '2020-11-26 14:57:58', '2020-11-26 14:57:58'),
(548, 'Shahrasti, Chandpur', 2, 21, 1, '2020-11-26 14:58:08', '2020-11-26 14:58:08'),
(549, 'Nandail, Mymensingh', 2, 60, 1, '2020-11-26 14:58:15', '2020-11-26 14:58:15'),
(550, 'Chapai Nawabganj Sadar', 2, 11, 1, '2020-11-26 14:58:31', '2020-11-26 14:58:31'),
(551, 'Chapai Nawabganj Sadar, Chapai Nawabganj', 2, 11, 1, '2020-11-26 14:58:52', '2020-11-26 14:58:52'),
(552, 'Trishal, Mymensingh', 2, 60, 1, '2020-11-26 14:59:03', '2020-11-26 14:59:03'),
(553, 'Gomastapur, Chapai Nawabganj', 2, 11, 1, '2020-11-26 14:59:18', '2020-11-26 14:59:18'),
(554, 'Nawabganj Sadar, Chapai Nawabganj', 2, 11, 1, '2020-11-26 14:59:52', '2020-11-26 14:59:52'),
(555, 'Shipganj ( Chapai )', 2, 11, 1, '2020-11-26 15:00:13', '2020-11-26 15:00:13'),
(556, 'Shipganj ( Chapai ), Chapai Nawabganj', 2, 11, 1, '2020-11-26 15:00:35', '2020-11-26 15:00:35'),
(557, 'Shipganj, Chapai Nawabganj', 2, 11, 1, '2020-11-26 15:00:57', '2020-11-26 15:00:57'),
(558, 'Anwara, Chittagong', 2, 20, 1, '2020-11-26 15:01:29', '2020-11-26 15:01:29'),
(559, 'Banshkhali, Chittagong', 2, 20, 1, '2020-11-26 15:02:26', '2020-11-26 15:02:26'),
(560, 'Boalkhali, Chittagong', 2, 20, 1, '2020-11-26 15:02:47', '2020-11-26 15:02:47'),
(561, 'Chandanaish, Chittagong', 2, 20, 1, '2020-11-26 15:03:13', '2020-11-26 15:03:13'),
(562, 'Chittagong', 2, 20, 1, '2020-11-26 15:03:36', '2020-11-26 15:03:36'),
(563, 'Chittagong Sadar', 2, 20, 1, '2020-11-26 15:03:58', '2020-11-26 15:03:58'),
(564, 'Chittagong Sadar, Chittagong', 2, 20, 1, '2020-11-26 15:04:23', '2020-11-26 15:04:23'),
(565, 'Fatikchari, Chittagong', 2, 20, 1, '2020-11-26 15:06:21', '2020-11-26 15:06:21'),
(566, 'Hathazari, Chittagong', 2, 20, 1, '2020-11-26 15:06:52', '2020-11-26 15:06:52'),
(567, 'Lohagara(Chittagong),', 2, 20, 1, '2020-11-26 15:07:27', '2020-11-26 15:07:27'),
(568, 'Lohagara(Chittagong), Chittagong', 2, 20, 1, '2020-11-26 15:07:51', '2020-11-26 15:07:51'),
(569, 'Mirsarai, Chittagong', 2, 20, 1, '2020-11-26 15:08:44', '2020-11-26 15:08:44'),
(570, 'Patiya, Chittagong', 2, 20, 1, '2020-11-26 15:09:23', '2020-11-26 15:09:23'),
(571, 'Rangunia, Chittagong', 2, 20, 1, '2020-11-26 15:09:47', '2020-11-26 15:09:47'),
(572, 'Raujan, Chittagong', 2, 20, 1, '2020-11-26 15:10:08', '2020-11-26 15:10:08'),
(573, 'Sandwip, Chittagong', 2, 20, 1, '2020-11-26 15:12:15', '2020-11-26 15:12:15'),
(574, 'Satkania, Chittagong', 2, 20, 1, '2020-11-26 15:12:39', '2020-11-26 15:12:39'),
(575, 'Sitakundu, Chittagong', 2, 20, 1, '2020-11-26 15:13:48', '2020-11-26 15:15:18'),
(576, 'Alamdanga, Chuadanga', 2, 20, 1, '2020-11-26 15:14:10', '2020-11-26 15:14:10'),
(577, 'Chuadanga Sadar', 2, 14, 1, '2020-11-26 15:16:10', '2020-11-26 15:16:10'),
(578, 'Chuadanga Sadar, Chuadanga', 2, 14, 1, '2020-11-26 15:16:30', '2020-11-26 15:16:30'),
(579, 'Damurhuda, Chuadanga', 2, 14, 1, '2020-11-26 15:16:52', '2020-11-26 15:16:52'),
(580, 'Jibannagar, Chuadanga', 2, 14, 1, '2020-11-26 15:17:18', '2020-11-26 15:17:18'),
(581, 'Barura, Comilla', 2, 17, 1, '2020-11-26 15:17:39', '2020-11-26 15:17:39'),
(582, 'Brahmanpara, Comilla', 2, 17, 1, '2020-11-26 15:18:00', '2020-11-26 15:18:00'),
(583, 'Burichang, Comilla', 2, 17, 1, '2020-11-26 15:18:19', '2020-11-26 15:18:19'),
(584, 'Chandina, Comilla', 2, 17, 1, '2020-11-26 15:18:46', '2020-11-26 15:18:46'),
(585, 'Chowddagram, Comilla', 2, 17, 1, '2020-11-26 15:19:08', '2020-11-26 15:19:08'),
(586, 'Comilla Sadar', 2, 17, 1, '2020-11-26 15:19:27', '2020-11-26 15:19:27'),
(587, 'Comilla Sadar South', 2, 17, 1, '2020-11-26 15:19:47', '2020-11-26 15:19:47'),
(588, 'Comilla Sadar South, Comilla', 2, 17, 1, '2020-11-26 15:20:09', '2020-11-26 15:20:09'),
(589, 'Comilla Sadar, Comilla', 2, 17, 1, '2020-11-26 15:20:30', '2020-11-26 15:20:30'),
(590, 'Daudkandi, Comilla', 2, 17, 1, '2020-11-26 15:21:15', '2020-11-26 15:21:15'),
(591, 'Debiduar, Comilla', 2, 17, 1, '2020-11-26 15:21:35', '2020-11-26 15:21:35'),
(592, 'Homna, Comilla', 2, 17, 1, '2020-11-26 15:21:57', '2020-11-26 15:21:57'),
(593, 'Laksam, Comilla', 2, 17, 1, '2020-11-26 15:22:15', '2020-11-26 15:22:15'),
(594, 'Meghna, Comilla', 2, 17, 1, '2020-11-26 15:22:34', '2020-11-26 15:22:34'),
(595, 'Monoharganj, Comilla', 2, 17, 1, '2020-11-26 15:22:54', '2020-11-26 15:22:54'),
(596, 'Muradnagar, Comilla', 2, 17, 1, '2020-11-26 15:23:12', '2020-11-26 15:23:12'),
(597, 'Nangolkot, Comilla', 2, 17, 1, '2020-11-26 15:23:37', '2020-11-26 15:23:37'),
(598, 'Chakoria, Cox\'s Bazar', 2, 22, 1, '2020-11-26 15:24:04', '2020-11-26 15:24:04'),
(599, 'Cox\'s Bazar Sadar', 2, 22, 1, '2020-11-26 15:24:49', '2020-11-26 15:24:49'),
(600, 'Cox\'s Bazar Sadar, Cox\'s Bazar', 2, 22, 1, '2020-11-26 15:25:08', '2020-11-26 15:25:08'),
(601, 'Moheshkhali, Cox\'s Bazar', 2, 22, 1, '2020-11-26 15:25:31', '2020-11-26 15:25:31'),
(602, 'Pekua, Cox\'s Bazar', 2, 22, 1, '2020-11-26 15:25:52', '2020-11-26 15:25:52'),
(603, 'Ramu, Cox\'s Bazar', 2, 22, 1, '2020-11-26 15:26:12', '2020-11-26 15:26:12'),
(604, 'Teknaf, Cox\'s Bazar', 2, 22, 1, '2020-11-26 15:26:43', '2020-11-26 15:26:43'),
(605, 'Ukhia, Cox\'s Bazar', 2, 22, 1, '2020-11-26 15:27:03', '2020-11-26 15:27:03'),
(606, 'Birampur, Dinajpur', 2, 15, 1, '2020-11-26 15:27:47', '2020-11-26 15:27:47'),
(607, 'Birol, Dinajpur', 2, 15, 1, '2020-11-26 15:29:09', '2020-11-26 15:29:09'),
(608, 'Bochaganj, Dinajpur', 2, 15, 1, '2020-11-26 15:29:33', '2020-11-26 15:29:33'),
(609, 'Chirirbandar, Dinajpur', 2, 15, 1, '2020-11-26 15:29:55', '2020-11-26 15:29:55'),
(610, 'Dinajpur Sadar', 2, 15, 1, '2020-11-26 15:30:17', '2020-11-26 15:30:17'),
(611, 'Dinajpur Sadar, Dinajpur', 2, 15, 1, '2020-11-26 15:30:45', '2020-11-26 15:30:45'),
(612, 'Ghoraghat, Dinajpur', 2, 15, 1, '2020-11-26 15:31:05', '2020-11-26 15:31:05'),
(613, 'Hakimpur, Dinajpur', 2, 15, 1, '2020-11-26 15:31:24', '2020-11-26 15:31:24'),
(614, 'Kaharole, Dinajpur', 2, 15, 1, '2020-11-26 15:31:46', '2020-11-26 15:31:46'),
(615, 'Khanshama, Dinajpur', 2, 15, 1, '2020-11-26 15:32:16', '2020-11-26 15:32:16'),
(616, 'Nawabganj, Dinajpur', 2, 15, 1, '2020-11-26 15:32:42', '2020-11-26 15:32:42'),
(617, 'Parbatipur, Dinajpur', 2, 15, 1, '2020-11-26 15:33:00', '2020-11-26 15:33:00'),
(618, 'Phulbari (Dinajpur)', 2, 15, 1, '2020-11-26 15:33:19', '2020-11-26 15:33:19'),
(619, 'Phulbari, Dinajpur', 2, 15, 1, '2020-11-26 15:33:41', '2020-11-26 15:33:41'),
(620, 'Bhanga, Faridpur', 2, 9, 1, '2020-11-26 15:34:05', '2020-11-26 15:34:05'),
(621, 'Boalmari, Faridpur', 2, 9, 1, '2020-11-26 15:34:25', '2020-11-26 15:34:25'),
(622, 'Faridganj', 2, 9, 1, '2020-11-26 15:34:44', '2020-11-26 15:34:44'),
(623, 'Faridpur', 2, 9, 1, '2020-11-26 15:35:03', '2020-11-26 15:35:03'),
(624, 'Faridpur Sadar', 2, 9, 1, '2020-11-26 15:35:27', '2020-11-26 15:35:27'),
(625, 'Faridpur Sadar, Faridpur', 2, 9, 1, '2020-11-26 15:35:46', '2020-11-26 15:35:46'),
(626, 'Madhukhali, Faridpur', 2, 9, 1, '2020-11-26 15:36:06', '2020-11-26 15:36:06'),
(627, 'Nagarkanda, Faridpur', 2, 9, 1, '2020-11-26 15:36:26', '2020-11-26 15:36:26');
INSERT INTO `areas` (`id`, `name`, `zone_id`, `hub_id`, `status`, `created_at`, `updated_at`) VALUES
(628, 'Sadarpur, Faridpur', 2, 9, 1, '2020-11-26 15:38:14', '2020-11-26 15:38:14'),
(629, 'Saltha, Faridpur', 2, 9, 1, '2020-11-26 15:39:31', '2020-11-26 15:39:31'),
(630, 'Chagalnayya, Feni', 2, 18, 1, '2020-11-26 15:40:08', '2020-11-26 15:40:08'),
(631, 'Daganbhuiyan, Feni', 2, 18, 1, '2020-11-26 15:40:31', '2020-11-26 15:40:31'),
(632, 'Feni Sadar', 2, 18, 1, '2020-11-26 15:41:03', '2020-11-26 15:41:03'),
(633, 'Feni Sadar, Feni', 2, 18, 1, '2020-11-26 15:41:45', '2020-11-26 15:41:45'),
(634, 'Sonagazi, Feni', 2, 18, 1, '2020-11-26 15:42:16', '2020-11-26 15:42:16'),
(635, 'Gaibandha Sadar, Gaibandha', 2, 24, 1, '2020-11-26 15:42:50', '2020-11-26 15:42:50'),
(636, 'Gobindaganj ( Gaibandha )', 2, 24, 1, '2020-11-26 15:43:23', '2020-11-26 15:43:23'),
(637, 'Gobindaganj ( Gaibandha ), Gaibandha', 2, 24, 1, '2020-11-26 15:44:17', '2020-11-26 15:44:17'),
(638, 'Gobindaganj, Gaibandha', 2, 24, 1, '2020-11-26 15:44:39', '2020-11-26 15:44:39'),
(639, 'Palashbari, Gaibandha', 2, 24, 1, '2020-11-26 15:45:19', '2020-11-26 15:45:19'),
(640, 'Sadullapur, Gaibandha', 2, 24, 1, '2020-11-26 15:45:49', '2020-11-26 15:45:49'),
(641, 'Shaghatta, Gaibandha', 2, 24, 1, '2020-11-26 15:46:13', '2020-11-26 15:46:13'),
(642, 'Sundarganj, Gaibandha', 2, 24, 1, '2020-11-26 15:46:44', '2020-11-26 15:46:44'),
(643, 'Kaliakoir, Gazipur', 2, 26, 1, '2020-11-26 15:47:43', '2020-11-26 15:47:43'),
(644, 'Kaliganj(Gazipur)', 2, 26, 1, '2020-11-26 15:48:19', '2020-11-26 15:48:19'),
(645, 'Kaliganj(Gazipur), Gazipur', 2, 26, 1, '2020-11-26 15:48:40', '2020-11-26 15:48:40'),
(646, 'Kapasia, Gazipur', 2, 26, 1, '2020-11-26 15:49:02', '2020-11-26 15:49:02'),
(647, 'Sonagazi', 2, 26, 1, '2020-11-26 15:51:41', '2020-11-26 15:51:41'),
(648, 'Sreepur(Gazipur)', 2, 26, 1, '2020-11-26 15:53:01', '2020-11-26 15:53:01'),
(649, 'Sreepur(Gazipur), Gazipur', 2, 24, 1, '2020-11-26 15:53:23', '2020-11-26 15:53:23'),
(650, 'Gopalganj Sadar, Gopalganj', 2, 26, 0, '2020-11-26 15:54:06', '2020-11-26 16:03:43'),
(651, 'Gopalpur', 2, 26, 0, '2020-11-26 15:54:30', '2020-11-26 16:03:41'),
(652, 'Kasiani, Gopalganj', 2, 26, 0, '2020-11-26 15:54:57', '2020-11-26 16:03:41'),
(653, 'Kotalipara, Gopalganj', 2, 28, 1, '2020-11-26 16:37:48', '2020-11-26 16:37:48'),
(654, 'Maksudpur, Gopalganj', 2, 28, 1, '2020-11-26 16:38:41', '2020-11-26 16:38:41'),
(655, 'Tungipara, Gopalganj', 2, 28, 1, '2020-11-26 16:39:30', '2020-11-26 16:39:30'),
(656, 'Ajmeriganj, Habiganj', 2, 29, 1, '2020-11-26 16:43:14', '2020-11-26 16:43:14'),
(657, 'Bahubal, Habiganj', 2, 29, 1, '2020-11-26 17:05:37', '2020-11-26 17:05:37'),
(658, 'Chunarughat, Habiganj', 2, 29, 1, '2020-11-26 17:06:01', '2020-11-26 17:06:01'),
(659, 'Habiganj Sadar', 2, 29, 1, '2020-11-26 17:06:51', '2020-11-26 17:06:51'),
(660, 'Habiganj Sadar, Habiganj', 2, 29, 1, '2020-11-26 17:07:25', '2020-11-26 17:07:25'),
(661, 'Madhabpur, Habiganj', 2, 29, 1, '2020-11-26 17:07:56', '2020-11-26 17:07:56'),
(662, 'Nabiganj, Habiganj', 2, 29, 1, '2020-11-26 17:08:18', '2020-11-26 17:08:18'),
(663, 'Hajiganj', 2, 29, 1, '2020-11-26 17:08:53', '2020-11-26 17:08:53'),
(664, 'Bakshiganj, Jamalpur', 2, 33, 1, '2020-11-26 17:09:16', '2020-11-26 17:09:16'),
(665, 'Dewanganj, Jamalpur', 2, 33, 1, '2020-11-26 17:09:55', '2020-11-26 17:09:55'),
(666, 'Islampur(Jamalpur)', 2, 33, 1, '2020-11-26 17:11:05', '2020-11-26 17:11:05'),
(667, 'Islampur(Jamalpur), Jamalpur', 2, 33, 1, '2020-11-26 17:11:24', '2020-11-26 17:11:24'),
(668, 'Jamalganj', 2, 33, 1, '2020-11-26 17:11:51', '2020-11-26 17:11:51'),
(669, 'Jamalpur Sadar', 2, 33, 1, '2020-11-26 17:12:12', '2020-11-26 17:12:12'),
(670, 'Jamalpur Sadar, Jamalpur', 2, 33, 1, '2020-11-26 17:12:34', '2020-11-26 17:12:34'),
(671, 'Melandah, Jamalpur', 2, 33, 1, '2020-11-26 17:13:21', '2020-11-26 17:13:21'),
(672, 'Sharishabari, Jamalpur', 2, 33, 1, '2020-11-26 17:13:54', '2020-11-26 17:13:54'),
(673, 'Bagherpara, Jessore', 2, 34, 1, '2020-11-26 17:14:21', '2020-11-26 17:14:21'),
(674, 'Benapole, Jessore', 2, 34, 1, '2020-11-26 17:14:42', '2020-11-26 17:14:42'),
(675, 'Chowgacha, Jessore', 2, 34, 1, '2020-11-26 17:15:09', '2020-11-26 17:15:09'),
(676, 'Jessore Sadar', 2, 34, 1, '2020-11-26 17:15:39', '2020-11-26 17:15:39'),
(677, 'Jessore Sadar, Jessore', 2, 34, 1, '2020-11-26 17:16:13', '2020-11-26 17:16:13'),
(678, 'Jhikargacha, Jessore', 2, 34, 1, '2020-11-26 17:16:57', '2020-11-26 17:16:57'),
(679, 'Keshabpur, Jessore', 2, 34, 1, '2020-11-26 17:17:27', '2020-11-26 17:17:27'),
(680, 'Noapara, Jessore', 2, 34, 1, '2020-11-26 17:18:54', '2020-11-26 17:18:54'),
(681, 'Sharsha, Jessore', 2, 34, 1, '2020-11-26 17:19:35', '2020-11-26 17:19:35'),
(682, 'Jhalokathi Sadar', 2, 37, 1, '2020-11-28 12:03:49', '2020-11-28 12:03:49'),
(683, 'Jhalokathi Sadar, Jhalokathi', 2, 37, 1, '2020-11-28 12:04:28', '2020-11-28 12:04:28'),
(684, 'Kathalia, Jhalokathi', 2, 37, 1, '2020-11-28 12:04:59', '2020-11-28 12:04:59'),
(685, 'Nalchiti, Jhalokathi', 2, 37, 1, '2020-11-28 12:05:21', '2020-11-28 12:05:21'),
(686, 'Rajapur, Jhalokathi', 2, 37, 1, '2020-11-28 12:06:04', '2020-11-28 12:06:04'),
(687, 'Harinakunda, Jhenaidah', 2, 37, 1, '2020-11-28 12:06:53', '2020-11-28 12:06:53'),
(688, 'Jhenaidah Sadar', 2, 37, 1, '2020-11-28 12:07:15', '2020-11-28 12:07:15'),
(689, 'Jhenaidah Sadar, Jhenaidah', 2, 37, 1, '2020-11-28 12:07:44', '2020-11-28 12:07:44'),
(690, 'Kaliganj(Jhenaidah)', 2, 39, 1, '2020-11-28 12:10:22', '2020-11-28 12:10:22'),
(691, 'Kaliganj(Jhenaidah), Jhenaidah', 2, 39, 1, '2020-11-28 12:10:50', '2020-11-28 12:10:50'),
(692, 'Kotchandpur, Jhenaidah', 2, 39, 1, '2020-11-28 12:11:15', '2020-11-28 12:11:15'),
(693, 'Moheshpur, Jhenaidah', 2, 39, 1, '2020-11-28 12:11:37', '2020-11-28 12:11:37'),
(694, 'Shailkupa, Jhenaidah', 2, 39, 1, '2020-11-28 12:11:59', '2020-11-28 12:11:59'),
(695, 'Akkelpur, Joypurhat', 2, 41, 1, '2020-11-28 12:12:27', '2020-11-28 12:12:27'),
(696, 'Joypurhat Sadar', 2, 41, 1, '2020-11-28 12:12:49', '2020-11-28 12:12:49'),
(697, 'Joypurhat Sadar, Joypurhat', 2, 41, 1, '2020-11-28 12:13:09', '2020-11-28 12:13:09'),
(698, 'Kalai, Joypurhat', 2, 41, 1, '2020-11-28 12:13:29', '2020-11-28 12:13:29'),
(699, 'Khetlal, Joypurhat', 2, 41, 1, '2020-11-28 12:13:51', '2020-11-28 12:13:51'),
(700, 'Panchbibi, Joypurhat', 2, 41, 1, '2020-11-28 12:14:14', '2020-11-28 12:14:14'),
(701, 'Khulna Sadar', 2, 42, 1, '2020-11-28 12:15:20', '2020-11-28 12:15:20'),
(702, 'Khulna Sadar, Khulna', 2, 42, 1, '2020-11-28 12:15:43', '2020-11-28 12:15:43'),
(703, 'Koira, Khulna', 2, 42, 1, '2020-11-28 12:16:04', '2020-11-28 12:16:04'),
(704, 'Paikgacha, Khulna', 2, 42, 1, '2020-11-28 12:16:28', '2020-11-28 12:16:28'),
(705, 'Phultala, Khulna', 2, 42, 1, '2020-11-28 12:16:50', '2020-11-28 12:16:50'),
(706, 'Rupsa, Khulna', 2, 42, 1, '2020-11-28 12:17:14', '2020-11-28 12:17:14'),
(707, 'Sonadanga, Khulna', 2, 42, 1, '2020-11-28 12:17:49', '2020-11-28 12:17:49'),
(708, 'Terokhada, Khulna', 2, 42, 1, '2020-11-28 12:18:36', '2020-11-28 12:18:36'),
(709, 'Batiaghata, Khulna', 2, 42, 1, '2020-11-28 12:19:24', '2020-11-28 12:19:24'),
(710, 'Dacope, Khulna', 2, 42, 1, '2020-11-28 12:19:54', '2020-11-28 12:19:54'),
(711, 'Dighalia, Khulna', 2, 42, 1, '2020-11-28 12:20:17', '2020-11-28 12:20:17'),
(712, 'Doulatpur, Khulna', 2, 42, 1, '2020-11-28 12:20:41', '2020-11-28 12:20:41'),
(713, 'Dumuria, Khulna', 2, 42, 1, '2020-11-28 12:21:03', '2020-11-28 12:21:03'),
(714, 'Khalispur, Khulna', 2, 42, 1, '2020-11-28 12:21:24', '2020-11-28 12:21:24'),
(715, 'Khan jahan ali , Khulna', 2, 42, 1, '2020-11-28 12:21:46', '2020-11-28 12:21:46'),
(716, 'Bhairab, Kishoreganj', 2, 43, 1, '2020-11-28 12:22:08', '2020-11-28 12:22:08'),
(717, 'Hosainpur, Kishoreganj', 2, 43, 1, '2020-11-28 12:22:33', '2020-11-28 12:22:33'),
(718, 'Kishoreganj', 2, 43, 1, '2020-11-28 12:23:04', '2020-11-28 12:23:04'),
(719, 'Kishoreganj ( Nilphamari)', 2, 43, 1, '2020-11-28 12:23:31', '2020-11-28 12:23:31'),
(720, 'Kishoreganj Sadar', 2, 43, 1, '2020-11-28 12:23:59', '2020-11-28 12:23:59'),
(721, 'Kishoreganj ( Nilphamari), Nilphamari', 2, 43, 1, '2020-11-28 12:24:26', '2020-11-28 12:24:26'),
(722, 'Kishoreganj Sadar, Kishoreganj', 2, 43, 1, '2020-11-28 12:24:48', '2020-11-28 12:24:48'),
(723, 'Pakundia, Kishoreganj', 2, 43, 1, '2020-11-28 12:25:20', '2020-11-28 12:25:20'),
(724, 'tarail,Kishoregonj', 2, 43, 1, '2020-11-28 12:26:13', '2020-11-28 12:26:13'),
(725, 'Bhurungamari, Kurigram', 2, 45, 1, '2020-11-28 12:26:48', '2020-11-28 12:26:48'),
(726, 'Fulbari (Kurigram)', 2, 45, 1, '2020-11-28 12:27:13', '2020-11-28 12:27:13'),
(727, 'Fulbari (Kurigram), Kurigram', 2, 45, 1, '2020-11-28 12:27:34', '2020-11-28 12:27:34'),
(728, 'Kurigram Sadar', 2, 45, 1, '2020-11-28 12:27:58', '2020-11-28 12:27:58'),
(729, 'Kurigram Sadar, Kurigram', 2, 45, 1, '2020-11-28 12:28:24', '2020-11-28 12:28:24'),
(730, 'Nageswari, Kurigram', 2, 45, 1, '2020-11-28 12:28:46', '2020-11-28 12:28:46'),
(731, 'Rajarhat, Kurigram', 2, 45, 1, '2020-11-28 12:29:07', '2020-11-28 12:29:07'),
(732, 'Rajibpur, Kurigram', 2, 45, 1, '2020-11-28 12:30:07', '2020-11-28 12:30:07'),
(733, 'Ulipur, Kurigram', 2, 45, 1, '2020-11-28 12:30:29', '2020-11-28 12:30:29'),
(734, 'Bheramara, Kushtia', 2, 46, 1, '2020-11-28 12:31:05', '2020-11-28 12:31:05'),
(735, 'Daulatpur(Kushtia)', 2, 46, 1, '2020-11-28 12:31:39', '2020-11-28 12:31:39'),
(736, 'Daulatpur(Kushtia), Kushtia', 2, 46, 1, '2020-11-28 12:32:03', '2020-11-28 12:32:03'),
(737, 'Khoksha, Kushtia', 2, 46, 1, '2020-11-28 12:32:25', '2020-11-28 12:32:25'),
(738, 'Kumarkhali, Kushtia', 2, 46, 1, '2020-11-28 12:32:46', '2020-11-28 12:32:46'),
(739, 'Kushtia Sadar', 2, 46, 1, '2020-11-28 12:33:07', '2020-11-28 12:33:07'),
(740, 'Kushtia Sadar, Kushtia', 2, 46, 1, '2020-11-28 12:33:44', '2020-11-28 12:33:44'),
(741, 'Mirpur(Kushtia)', 2, 46, 1, '2020-11-28 12:34:05', '2020-11-28 12:34:05'),
(742, 'Mirpur(Kushtia), Kushtia', 2, 46, 1, '2020-11-28 12:34:26', '2020-11-28 12:34:26'),
(743, 'Nakla', 2, 62, 1, '2020-11-29 09:29:52', '2020-11-29 09:29:52'),
(744, 'Atrai, Naogaon', 2, 65, 1, '2020-11-29 09:31:09', '2020-11-29 09:31:09'),
(745, 'Badalgachi, Naogaon', 2, 65, 1, '2020-11-29 09:31:40', '2020-11-29 09:31:40'),
(746, 'Mahadebpur, Naogaon', 2, 65, 1, '2020-11-29 09:32:15', '2020-11-29 09:32:15'),
(747, 'Manda(Naogaon)', 2, 65, 1, '2020-11-29 09:32:41', '2020-11-29 09:32:41'),
(748, 'Manda(Naogaon), Naogaon', 2, 65, 1, '2020-11-29 09:33:04', '2020-11-29 09:33:04'),
(749, 'Naogaon Sadar', 2, 65, 1, '2020-11-29 09:33:26', '2020-11-29 09:33:26'),
(750, 'Naogaon Sadar, Naogaon', 2, 65, 1, '2020-11-29 09:33:48', '2020-11-29 09:33:48'),
(751, 'Niamatpur, Naogaon', 2, 65, 1, '2020-11-29 09:34:09', '2020-11-29 09:34:09'),
(752, 'Patnitala, Naogaon', 2, 65, 1, '2020-11-29 09:34:34', '2020-11-29 09:34:34'),
(753, 'Porsha, Naogaon', 2, 65, 1, '2020-11-29 09:34:55', '2020-11-29 09:34:55'),
(754, 'Raninagar, Naogaon', 2, 65, 1, '2020-11-29 09:35:15', '2020-11-29 09:35:15'),
(755, 'Shapahar, Naogaon', 2, 65, 1, '2020-11-29 09:35:34', '2020-11-29 09:35:34'),
(756, 'Kalia, Narail', 2, 66, 1, '2020-11-29 09:37:00', '2020-11-29 09:37:00'),
(757, 'Lohagara(Narail)', 2, 66, 1, '2020-11-29 09:37:25', '2020-11-29 09:37:25'),
(758, 'Lohagara(Narail), Narail', 2, 66, 1, '2020-11-29 09:37:49', '2020-11-29 09:37:49'),
(759, 'Narail Sadar', 2, 66, 1, '2020-11-29 09:38:11', '2020-11-29 09:38:11'),
(760, 'Narail Sadar, Narail', 2, 66, 1, '2020-11-29 09:38:39', '2020-11-29 09:38:39'),
(761, 'Araihazar, Narayanganj', 2, 68, 1, '2020-11-29 09:39:14', '2020-11-29 09:39:14'),
(762, 'Bandar, Narayanganj', 2, 68, 1, '2020-11-29 09:39:40', '2020-11-29 09:39:40'),
(763, 'Rupganj, Narayanganj', 2, 68, 1, '2020-11-29 09:40:02', '2020-11-29 09:40:02'),
(764, 'Sonargaon, Narayanganj', 2, 68, 1, '2020-11-29 09:40:32', '2020-11-29 09:40:32'),
(765, 'Baraigram, Natore', 2, 72, 1, '2020-11-29 09:41:00', '2020-11-29 09:41:00'),
(766, 'Gurudaspur, Natore', 2, 72, 1, '2020-11-29 09:41:29', '2020-11-29 09:41:29'),
(767, 'Natore Sadar', 2, 72, 1, '2020-11-29 09:41:50', '2020-11-29 09:41:50'),
(768, 'Natore Sadar, Natore', 2, 72, 1, '2020-11-29 09:42:17', '2020-11-29 09:42:17'),
(769, 'Atpara, Netrokona', 2, 71, 1, '2020-11-29 09:43:00', '2020-11-29 09:43:00'),
(770, 'Durgapur(Netrokona)', 2, 71, 1, '2020-11-29 09:43:20', '2020-11-29 09:43:20'),
(771, 'Durgapur(Netrokona), Netrokona', 2, 71, 1, '2020-11-29 09:43:39', '2020-11-29 09:43:39'),
(772, 'Kalmakanda, Netrokona', 2, 71, 1, '2020-11-29 09:43:58', '2020-11-29 09:43:58'),
(773, 'Kendua, Netrokona', 2, 71, 1, '2020-11-29 09:44:17', '2020-11-29 09:44:17'),
(774, 'Mohanganj, Netrokona', 2, 71, 1, '2020-11-29 09:44:38', '2020-11-29 09:44:38'),
(775, 'Netrokona Sadar', 2, 71, 1, '2020-11-29 09:44:58', '2020-11-29 09:44:58'),
(776, 'Netrokona Sadar, Netrokona', 2, 71, 1, '2020-11-29 09:45:19', '2020-11-29 09:45:19'),
(777, 'Purbadhala, Netrokona', 2, 71, 1, '2020-11-29 09:45:39', '2020-11-29 09:45:39'),
(778, 'Dimla, Nilphamari', 2, 70, 1, '2020-11-29 09:46:23', '2020-11-29 09:46:23'),
(779, 'Domar, Nilphamari', 2, 70, 1, '2020-11-29 09:46:46', '2020-11-29 09:46:46'),
(780, 'Jaldhaka, Nilphamari', 2, 70, 1, '2020-11-29 09:47:09', '2020-11-29 09:47:09'),
(781, 'Nilphamari Sadar', 2, 70, 1, '2020-11-29 09:47:32', '2020-11-29 09:47:32'),
(782, 'Nilphamari Sadar, Nilphamari', 2, 70, 1, '2020-11-29 09:47:56', '2020-11-29 09:47:56'),
(783, 'Begumganj, Noakhali', 2, 69, 1, '2020-11-29 09:48:27', '2020-11-29 09:48:27'),
(784, 'Chatkhil, Noakhali', 2, 69, 1, '2020-11-29 09:48:50', '2020-11-29 09:48:50'),
(785, 'Companiganj, Noakhali', 2, 69, 1, '2020-11-29 09:49:14', '2020-11-29 09:49:14'),
(786, 'Hatiya, Noakhali', 2, 69, 1, '2020-11-29 09:49:39', '2020-11-29 09:49:39'),
(787, 'Kabir Hat, Noakhali', 2, 69, 1, '2020-11-29 09:50:04', '2020-11-29 09:50:04'),
(788, 'Noakhali Sadar', 2, 69, 1, '2020-11-29 09:50:26', '2020-11-29 09:50:26'),
(789, 'Noakhali Sadar(Sudharam)', 2, 69, 1, '2020-11-29 09:50:52', '2020-11-29 09:50:52'),
(790, 'Noakhali Sadar(Sudharam), Noakhali', 2, 69, 1, '2020-11-29 09:51:14', '2020-11-29 09:51:14'),
(791, 'Senbag, Noakhali', 2, 69, 1, '2020-11-29 09:51:35', '2020-11-29 09:51:35'),
(792, 'Sonaimuri, Noakhali', 2, 69, 1, '2020-11-29 09:51:58', '2020-11-29 09:51:58'),
(793, 'Subarnachar, Noakhali', 2, 69, 1, '2020-11-29 09:52:25', '2020-11-29 09:52:25'),
(794, 'Noapara', 2, 67, 1, '2020-11-29 09:53:05', '2020-11-29 09:53:05'),
(795, 'Belabo, Norshingdi', 2, 64, 1, '2020-11-29 09:54:03', '2020-11-29 09:54:03'),
(796, 'Monohardi, Norshingdi', 2, 64, 1, '2020-11-29 09:54:26', '2020-11-29 09:54:26'),
(797, 'Norshingdi Monohardi', 2, 64, 1, '2020-11-29 09:54:47', '2020-11-29 09:54:47'),
(798, 'Norshingdi Sadar', 2, 64, 1, '2020-11-29 09:55:09', '2020-11-29 09:55:09'),
(799, 'Norshingdi Sadar, Norshingdi', 2, 64, 1, '2020-11-29 09:55:29', '2020-11-29 09:55:29'),
(800, 'Palash, Norshingdi', 2, 64, 1, '2020-11-29 09:55:54', '2020-11-29 09:55:54'),
(801, 'Raipura, Norshingdi', 2, 64, 1, '2020-11-29 09:56:18', '2020-11-29 09:56:18'),
(802, 'Shibpur, Norshingdi', 2, 64, 1, '2020-11-29 09:56:40', '2020-11-29 09:56:40'),
(803, 'Atgharia, Pabna', 2, 63, 1, '2020-11-29 09:57:09', '2020-11-29 09:57:09'),
(804, 'Bera, Pabna', 2, 63, 1, '2020-11-29 09:57:29', '2020-11-29 09:57:29'),
(805, 'Bhangura, Pabna', 2, 63, 1, '2020-11-29 09:57:51', '2020-11-29 09:57:51'),
(806, 'Chatmohar, Pabna', 2, 63, 1, '2020-11-29 09:58:10', '2020-11-29 09:58:10'),
(807, 'Faridpur ( Pabna )', 2, 63, 1, '2020-11-29 09:58:32', '2020-11-29 09:58:32'),
(808, 'Faridpur, Pabna', 2, 63, 1, '2020-11-29 09:58:52', '2020-11-29 09:58:52'),
(809, 'Iswardi, Pabna', 2, 63, 1, '2020-11-29 09:59:13', '2020-11-29 09:59:13'),
(810, 'Pabna Sadar', 2, 63, 1, '2020-11-29 09:59:34', '2020-11-29 09:59:34'),
(811, 'Pabna Sadar, Pabna', 2, 63, 1, '2020-11-29 09:59:54', '2020-11-29 09:59:54'),
(812, 'Santhia, Pabna', 2, 63, 1, '2020-11-29 10:00:15', '2020-11-29 10:00:15'),
(813, 'Sujanagar, Pabna', 2, 63, 1, '2020-11-29 10:00:36', '2020-11-29 10:00:36'),
(814, 'Debiganj, Panchagarh', 2, 61, 1, '2020-11-29 10:01:20', '2020-11-29 10:01:20'),
(815, 'Panchagarh Sadar', 2, 61, 1, '2020-11-29 10:01:43', '2020-11-29 10:01:43'),
(816, 'Panchagarh Sadar, Panchagarh', 2, 61, 1, '2020-11-29 10:02:04', '2020-11-29 10:02:04'),
(817, 'Panchari', 2, 61, 1, '2020-11-29 10:02:26', '2020-11-29 10:02:26'),
(818, 'Panchbibi', 2, 61, 1, '2020-11-29 10:02:52', '2020-11-29 10:02:52'),
(819, 'Bauphal, Patuakhali', 2, 59, 1, '2020-11-29 10:03:14', '2020-11-29 10:03:14'),
(820, 'Dasmina, Patuakhali', 2, 59, 1, '2020-11-29 10:03:40', '2020-11-29 10:03:40'),
(821, 'Dumki, Patuakhali', 2, 59, 1, '2020-11-29 10:04:02', '2020-11-29 10:04:02'),
(822, 'Kalapara, Patuakhali', 2, 59, 1, '2020-11-29 10:04:22', '2020-11-29 10:04:22'),
(823, 'Mirjaganj, Patuakhali', 2, 59, 1, '2020-11-29 10:05:57', '2020-11-29 10:05:57'),
(824, 'Patuakhali Sadar', 2, 59, 1, '2020-11-29 10:06:19', '2020-11-29 10:06:19'),
(825, 'Patuakhali Sadar, Patuakhali', 2, 59, 1, '2020-11-29 10:06:46', '2020-11-29 10:06:46'),
(826, 'Bhandaria, Perojpur', 2, 57, 1, '2020-11-29 10:07:22', '2020-11-29 10:07:22'),
(827, 'Kaukhali (Perojpur)', 2, 57, 1, '2020-11-29 10:07:45', '2020-11-29 10:07:45'),
(828, 'Kaukhali (Perojpur), Perojpur', 2, 57, 1, '2020-11-29 10:08:08', '2020-11-29 10:08:08'),
(829, 'Mothbaria, Perojpur', 2, 57, 1, '2020-11-29 10:08:29', '2020-11-29 10:08:29'),
(830, 'Nazirpur, Perojpur', 2, 57, 1, '2020-11-29 10:08:50', '2020-11-29 10:08:50'),
(831, 'Nesarabad (Shawrupkathi), Perojpur', 2, 57, 1, '2020-11-29 10:09:09', '2020-11-29 10:09:09'),
(832, 'Perojpur Sadar', 2, 57, 1, '2020-11-29 10:09:31', '2020-11-29 10:09:31'),
(833, 'Perojpur Sadar, Perojpur', 2, 57, 1, '2020-11-29 10:09:59', '2020-11-29 10:09:59'),
(834, 'Baliakandi, Rajbari', 2, 25, 1, '2020-11-29 10:10:30', '2020-11-29 10:10:30'),
(835, 'Goalunda, Rajbari', 2, 25, 1, '2020-11-29 10:10:54', '2020-11-29 10:10:54'),
(836, 'Kalukhali, Rajbari', 2, 25, 1, '2020-11-29 10:11:15', '2020-11-29 10:11:15'),
(837, 'Pangsha, Rajbari', 2, 25, 1, '2020-11-29 10:11:37', '2020-11-29 10:11:37'),
(838, 'Rajbari Sadar', 2, 25, 1, '2020-11-29 10:12:00', '2020-11-29 10:12:00'),
(839, 'Rajbari Sadar, Rajbari', 2, 25, 1, '2020-11-29 10:12:35', '2020-11-29 10:12:35'),
(840, 'Bagha, Rajshahi', 2, 27, 1, '2020-11-29 10:13:01', '2020-11-29 10:13:01'),
(841, 'Bagmara, Rajshahi', 2, 27, 1, '2020-11-29 10:13:22', '2020-11-29 10:13:22'),
(842, 'Charghat, Rajshahi', 2, 27, 1, '2020-11-29 10:13:43', '2020-11-29 10:13:43'),
(843, 'Durgapur(Rajshahi)', 2, 27, 1, '2020-11-29 10:14:06', '2020-11-29 10:14:06'),
(844, 'Durgapur(Rajshahi), Rajshahi', 2, 27, 1, '2020-11-29 10:14:29', '2020-11-29 10:14:29'),
(845, 'Godagari, Rajshahi', 2, 27, 1, '2020-11-29 10:14:51', '2020-11-29 10:14:51'),
(846, 'Mohanpur, Rajshahi', 2, 27, 1, '2020-11-29 10:15:14', '2020-11-29 10:15:14'),
(847, 'Paba, Rajshahi', 2, 27, 1, '2020-11-29 10:15:35', '2020-11-29 10:15:35'),
(848, 'Putia, Rajshahi', 2, 27, 1, '2020-11-29 10:16:01', '2020-11-29 10:16:01'),
(849, 'Rajshahi Shadar', 2, 27, 1, '2020-11-29 10:16:24', '2020-11-29 10:16:24'),
(850, 'Rajshahi Shadar, Rajshahi', 2, 27, 1, '2020-11-29 10:16:48', '2020-11-29 10:16:48'),
(851, 'Sadar, Rajshahi', 2, 27, 1, '2020-11-29 10:17:07', '2020-11-29 10:17:07'),
(852, 'Tanore, Rajshahi', 2, 27, 1, '2020-11-29 10:17:26', '2020-11-29 10:17:26'),
(853, 'Baghaichari, Rangamati', 2, 30, 1, '2020-11-29 10:17:57', '2020-11-29 10:17:57'),
(854, 'Barkal, Rangamati', 2, 30, 1, '2020-11-29 10:18:20', '2020-11-29 10:18:20'),
(855, 'Kaptai, Rangamati', 2, 30, 1, '2020-11-29 10:18:52', '2020-11-29 10:18:52'),
(856, 'Kawkhali (Rangamati)', 2, 30, 1, '2020-11-29 10:19:18', '2020-11-29 10:19:18'),
(857, 'Langadu, Rangamati', 2, 30, 1, '2020-11-29 10:19:54', '2020-11-29 10:19:54'),
(858, 'Matiranga', 2, 30, 1, '2020-11-29 10:20:15', '2020-11-29 10:20:15'),
(859, 'Matiranga, Khagrachari', 2, 30, 1, '2020-11-29 10:20:39', '2020-11-29 10:20:39'),
(860, 'Naniarchar, Rangamati', 2, 30, 1, '2020-11-29 10:20:59', '2020-11-29 10:20:59'),
(861, 'Rajasthali, Rangamati', 2, 30, 1, '2020-11-29 10:21:21', '2020-11-29 10:21:21'),
(862, 'Rangamati Sadar', 2, 30, 1, '2020-11-29 10:21:41', '2020-11-29 10:21:41'),
(863, 'Rangamati Sadar, Rangamati', 2, 30, 1, '2020-11-29 10:22:02', '2020-11-29 10:22:02'),
(864, 'Badarganj, Rangpur', 2, 32, 1, '2020-11-29 10:22:32', '2020-11-29 10:22:32'),
(865, 'Gangachara, Rangpur', 2, 32, 1, '2020-11-29 10:22:54', '2020-11-29 10:22:54'),
(866, 'Kaunia, Rangpur', 2, 32, 1, '2020-11-29 10:23:11', '2020-11-29 10:23:11'),
(867, 'Mithapukur, Rangpur', 2, 32, 1, '2020-11-29 10:23:34', '2020-11-29 10:23:34'),
(868, 'Pirgacha, Rangpur', 2, 32, 1, '2020-11-29 10:23:53', '2020-11-29 10:23:53'),
(869, 'Pirganj(Rangpur)', 2, 32, 1, '2020-11-29 10:24:13', '2020-11-29 10:24:13'),
(870, 'Pirganj(Rangpur), Rangpur', 2, 32, 1, '2020-11-29 10:24:34', '2020-11-29 10:24:34'),
(871, 'Rangpur Sadar', 2, 32, 1, '2020-11-29 10:24:58', '2020-11-29 10:24:58'),
(872, 'Rangpur Sadar, Rangpur', 2, 32, 1, '2020-11-29 10:25:21', '2020-11-29 10:25:21'),
(873, 'Taraganj, Rangpur', 2, 32, 1, '2020-11-29 10:25:42', '2020-11-29 10:25:42'),
(874, 'Saidpur Sadar', 2, 35, 1, '2020-11-29 10:26:14', '2020-11-29 10:26:14'),
(875, 'Assasuni, Satkhira', 2, 36, 1, '2020-11-29 10:26:40', '2020-11-29 10:26:40'),
(876, 'Debhata, Satkhira', 2, 36, 1, '2020-11-29 10:27:01', '2020-11-29 10:27:01'),
(877, 'Kaliganj(Satkhira)', 2, 36, 1, '2020-11-29 10:27:20', '2020-11-29 10:27:20'),
(878, 'Kaliganj(Satkhira), Satkhira', 2, 36, 1, '2020-11-29 10:27:40', '2020-11-29 10:27:40'),
(879, 'Kolaroa, Satkhira', 2, 36, 1, '2020-11-29 10:28:04', '2020-11-29 10:28:04'),
(880, 'Satkhira', 2, 36, 1, '2020-11-29 10:28:27', '2020-11-29 10:28:27'),
(881, 'Satkhira Sadar', 2, 36, 1, '2020-11-29 10:28:46', '2020-11-29 10:28:46'),
(882, 'Satkhira Sadar, Satkhira', 2, 36, 1, '2020-11-29 10:29:06', '2020-11-29 10:29:06'),
(883, 'Shyamnagar, Satkhira', 2, 36, 1, '2020-11-29 10:29:27', '2020-11-29 10:29:27'),
(884, 'Tala, Satkhira', 2, 36, 1, '2020-11-29 10:29:46', '2020-11-29 10:29:46'),
(885, 'Jhenaigati, Sherpur', 2, 38, 1, '2020-11-29 10:30:17', '2020-11-29 10:30:17'),
(886, 'Nakla, Sherpur', 2, 38, 1, '2020-11-29 10:30:39', '2020-11-29 10:30:39'),
(887, 'Sherpur', 2, 38, 1, '2020-11-29 10:30:58', '2020-11-29 10:30:58'),
(888, 'Sherpur Sadar', 2, 38, 1, '2020-11-29 10:31:15', '2020-11-29 10:31:15'),
(889, 'Sherpur Sadar, Sherpur', 2, 38, 1, '2020-11-29 10:31:40', '2020-11-29 10:31:40'),
(890, 'Sribordi, Sherpur', 2, 38, 1, '2020-11-29 10:31:59', '2020-11-29 10:31:59'),
(891, 'Belkuchi, Sirajganj', 2, 40, 1, '2020-11-29 10:32:23', '2020-11-29 10:32:23'),
(892, 'Chowhali, Sirajganj', 2, 40, 1, '2020-11-29 10:33:01', '2020-11-29 10:33:01'),
(893, 'Kamarkhanda, Sirajganj', 2, 40, 1, '2020-11-29 10:33:21', '2020-11-29 10:33:21'),
(894, 'Kazipur, Sirajganj', 2, 40, 1, '2020-11-29 10:33:42', '2020-11-29 10:33:42'),
(895, 'Raiganj, Sirajganj', 2, 40, 1, '2020-11-29 10:34:04', '2020-11-29 10:34:04'),
(896, 'Shahajadpur (Sirajganj)', 2, 40, 1, '2020-11-29 10:34:23', '2020-11-29 10:34:23'),
(897, 'Shahajadpur (Sirajganj), Sirajganj', 2, 40, 1, '2020-11-29 10:34:43', '2020-11-29 10:34:43'),
(898, 'Sirajganj Sadar', 2, 40, 1, '2020-11-29 10:35:00', '2020-11-29 10:35:00'),
(899, 'Sirajganj Sadar, Sirajganj', 2, 40, 1, '2020-11-29 10:35:35', '2020-11-29 10:35:35'),
(900, 'Tarash, Sirajganj', 2, 40, 1, '2020-11-29 10:36:15', '2020-11-29 10:36:15'),
(901, 'Ullapara, Sirajganj', 2, 40, 1, '2020-11-29 10:36:35', '2020-11-29 10:36:35'),
(902, 'Biswambharpur, Sunamganj', 2, 44, 1, '2020-11-29 10:36:58', '2020-11-29 10:36:58'),
(903, 'Chattak, Sunamganj', 2, 44, 1, '2020-11-29 10:37:19', '2020-11-29 10:37:19'),
(904, 'Derai, Sunamganj', 2, 44, 1, '2020-11-29 10:37:37', '2020-11-29 10:37:37'),
(905, 'Dharmapasha, Sunamganj', 2, 44, 1, '2020-11-29 10:37:59', '2020-11-29 10:37:59'),
(906, 'Dowarabazar, Sunamganj', 2, 44, 1, '2020-11-29 10:38:23', '2020-11-29 10:38:23'),
(907, 'Jagannathpur, Sunamganj', 2, 44, 1, '2020-11-29 10:38:43', '2020-11-29 10:38:43'),
(908, 'South Sunamganj', 2, 44, 1, '2020-11-29 10:39:00', '2020-11-29 10:39:00'),
(909, 'South Sunamganj, Sunamganj', 2, 44, 1, '2020-11-29 10:39:19', '2020-11-29 10:39:19'),
(910, 'Sulla, Sunamganj', 2, 44, 1, '2020-11-29 10:39:39', '2020-11-29 10:39:39'),
(911, 'Sunamganj Sadar', 2, 44, 1, '2020-11-29 10:39:57', '2020-11-29 10:39:57'),
(912, 'Sunamganj Sadar, Sunamganj', 2, 44, 1, '2020-11-29 10:40:17', '2020-11-29 10:40:17'),
(913, 'Taherpur, Sunamganj', 2, 44, 1, '2020-11-29 10:40:37', '2020-11-29 10:40:37'),
(914, 'Balaganj, Sylhet', 2, 47, 1, '2020-11-29 10:41:19', '2020-11-29 10:41:19'),
(915, 'Beanibazar, Sylhet', 2, 47, 1, '2020-11-29 10:41:37', '2020-11-29 10:41:37'),
(916, 'Biswanath, Sylhet', 2, 47, 1, '2020-11-29 10:41:56', '2020-11-29 10:41:56'),
(917, 'Companyganj, Sylhet', 2, 47, 1, '2020-11-29 10:42:14', '2020-11-29 10:42:14'),
(918, 'Fenchuganj, Sylhet', 2, 47, 1, '2020-11-29 10:42:32', '2020-11-29 10:42:32'),
(919, 'Golapganj, Sylhet', 2, 47, 1, '2020-11-29 10:42:53', '2020-11-29 10:42:53'),
(920, 'Gowainghat, Sylhet', 2, 47, 1, '2020-11-29 10:43:11', '2020-11-29 10:43:11'),
(921, 'Jaintapur, Sylhet', 2, 47, 1, '2020-11-29 10:43:29', '2020-11-29 10:43:29'),
(922, 'Kanaighat, Sylhet', 2, 47, 1, '2020-11-29 10:43:46', '2020-11-29 10:43:46'),
(923, 'South Surma, Sylhet', 2, 47, 1, '2020-11-29 10:44:06', '2020-11-29 10:44:06'),
(924, 'Sylhet', 2, 47, 1, '2020-11-29 10:44:27', '2020-11-29 10:44:27'),
(925, 'Sylhet Sadar', 2, 47, 1, '2020-11-29 10:44:51', '2020-11-29 10:44:51'),
(926, 'Sylhet Sadar, Sylhet', 2, 47, 1, '2020-11-29 10:45:11', '2020-11-29 10:45:11'),
(927, 'Zakiganj, Sylhet', 2, 47, 1, '2020-11-29 10:45:30', '2020-11-29 10:45:30'),
(928, 'Bashail, Tangail', 2, 50, 1, '2020-11-29 10:46:16', '2020-11-29 10:46:16'),
(929, 'Bhuapur, Tangail', 2, 50, 1, '2020-11-29 10:46:35', '2020-11-29 10:46:35'),
(930, 'Delduar, Tangail', 2, 50, 1, '2020-11-29 10:46:54', '2020-11-29 10:46:54'),
(931, 'Dhanbari, Tangail', 2, 50, 1, '2020-11-29 10:47:13', '2020-11-29 10:47:13'),
(932, 'Ghatail, Tangail', 2, 50, 1, '2020-11-29 10:47:38', '2020-11-29 10:47:38'),
(933, 'Gopalpur, Tangail', 2, 50, 1, '2020-11-29 10:48:02', '2020-11-29 10:48:02'),
(934, 'Kalihati, Tangail', 2, 50, 1, '2020-11-29 10:48:20', '2020-11-29 10:48:20'),
(935, 'Mirzapur, Tangail', 2, 50, 1, '2020-11-29 10:48:37', '2020-11-29 10:48:37'),
(936, 'Modhupur, Tangail', 2, 50, 1, '2020-11-29 10:48:53', '2020-11-29 10:48:53'),
(937, 'Nagarpur, Tangail', 2, 50, 1, '2020-11-29 10:49:10', '2020-11-29 10:49:10'),
(938, 'Shakhipur, Tangail', 2, 50, 1, '2020-11-29 10:49:27', '2020-11-29 10:49:27'),
(939, 'Tangail Sadar', 2, 50, 1, '2020-11-29 10:49:49', '2020-11-29 10:49:49'),
(940, 'Tangail Sadar, Tangail', 2, 50, 1, '2020-11-29 10:50:07', '2020-11-29 10:50:07'),
(941, 'Tangail Sadar,Tangail', 2, 50, 1, '2020-11-29 10:50:24', '2020-11-29 10:50:24'),
(942, 'Thakurgaon Sadar', 2, 54, 1, '2020-11-29 10:50:52', '2020-11-29 10:50:52'),
(943, 'Thakurgaon Sadar, Thakurgaon', 2, 54, 1, '2020-11-29 10:51:31', '2020-11-29 10:51:31');

-- --------------------------------------------------------

--
-- Table structure for table `basic_information`
--

CREATE TABLE `basic_information` (
  `id` bigint(20) UNSIGNED NOT NULL,
  `website_title` varchar(191) COLLATE utf8mb4_unicode_ci DEFAULT NULL,
  `company_name` varchar(191) COLLATE utf8mb4_unicode_ci DEFAULT NULL,
  `meet_time` varchar(191) COLLATE utf8mb4_unicode_ci DEFAULT NULL,
  `phone_number_one` varchar(191) COLLATE utf8mb4_unicode_ci DEFAULT NULL,
  `phone_number_two` varchar(191) COLLATE utf8mb4_unicode_ci DEFAULT NULL,
  `email` varchar(191) COLLATE utf8mb4_unicode_ci DEFAULT NULL,
  `website_link` varchar(191) COLLATE utf8mb4_unicode_ci DEFAULT NULL,
  `facebook_link` varchar(191) COLLATE utf8mb4_unicode_ci DEFAULT NULL,
  `twiter_link` varchar(191) COLLATE utf8mb4_unicode_ci DEFAULT NULL,
  `google_plus_link` varchar(191) COLLATE utf8mb4_unicode_ci DEFAULT NULL,
  `linkedin_link` varchar(191) COLLATE utf8mb4_unicode_ci DEFAULT NULL,
  `footer_text` varchar(191) COLLATE utf8mb4_unicode_ci DEFAULT NULL,
  `address` text COLLATE utf8mb4_unicode_ci,
  `company_logo` varchar(191) COLLATE utf8mb4_unicode_ci DEFAULT NULL,
  `status` tinyint(1) DEFAULT NULL,
  `created_at` timestamp NULL DEFAULT NULL,
  `updated_at` timestamp NULL DEFAULT NULL
) ENGINE=InnoDB DEFAULT CHARSET=utf8mb4 COLLATE=utf8mb4_unicode_ci;

--
-- Dumping data for table `basic_information`
--

INSERT INTO `basic_information` (`id`, `website_title`, `company_name`, `meet_time`, `phone_number_one`, `phone_number_two`, `email`, `website_link`, `facebook_link`, `twiter_link`, `google_plus_link`, `linkedin_link`, `footer_text`, `address`, `company_logo`, `status`, `created_at`, `updated_at`) VALUES
(1, 'Express One Limited', 'Express One Courier Service', 'Express One Courier Service', '88388483', '99888', NULL, 'https://express-onebd.com', NULL, NULL, NULL, NULL, 'All rights reserved -', 'Located in Dhaka, Bangladesh', '331634964835.png', 1, '2021-01-04 22:49:50', '2021-11-28 07:49:22');

-- --------------------------------------------------------

--
-- Table structure for table `blogs`
--

CREATE TABLE `blogs` (
  `id` bigint(20) UNSIGNED NOT NULL,
  `admin_id` bigint(20) UNSIGNED NOT NULL,
  `blog_category_id` bigint(20) UNSIGNED NOT NULL,
  `title` varchar(191) COLLATE utf8mb4_unicode_ci NOT NULL,
  `photo` varchar(191) COLLATE utf8mb4_unicode_ci DEFAULT NULL,
  `description` longtext COLLATE utf8mb4_unicode_ci NOT NULL,
  `status` int(11) NOT NULL DEFAULT '0',
  `created_at` timestamp NULL DEFAULT NULL,
  `updated_at` timestamp NULL DEFAULT NULL
) ENGINE=InnoDB DEFAULT CHARSET=utf8mb4 COLLATE=utf8mb4_unicode_ci;

-- --------------------------------------------------------

--
-- Table structure for table `blog_categories`
--

CREATE TABLE `blog_categories` (
  `id` bigint(20) UNSIGNED NOT NULL,
  `name` varchar(191) COLLATE utf8mb4_unicode_ci NOT NULL,
  `photo` text COLLATE utf8mb4_unicode_ci,
  `status` int(11) NOT NULL DEFAULT '0',
  `created_at` timestamp NULL DEFAULT NULL,
  `updated_at` timestamp NULL DEFAULT NULL
) ENGINE=InnoDB DEFAULT CHARSET=utf8mb4 COLLATE=utf8mb4_unicode_ci;

-- --------------------------------------------------------

--
-- Table structure for table `client_reviews`
--

CREATE TABLE `client_reviews` (
  `id` bigint(20) UNSIGNED NOT NULL,
  `commenter` varchar(191) COLLATE utf8mb4_unicode_ci NOT NULL,
  `photo` varchar(191) COLLATE utf8mb4_unicode_ci DEFAULT NULL,
  `comment` text COLLATE utf8mb4_unicode_ci NOT NULL,
  `status` int(11) NOT NULL DEFAULT '0',
  `created_at` timestamp NULL DEFAULT NULL,
  `updated_at` timestamp NULL DEFAULT NULL
) ENGINE=InnoDB DEFAULT CHARSET=utf8mb4 COLLATE=utf8mb4_unicode_ci;

-- --------------------------------------------------------

--
-- Table structure for table `drivers`
--

CREATE TABLE `drivers` (
  `id` bigint(20) UNSIGNED NOT NULL,
  `driver_id` varchar(191) COLLATE utf8mb4_unicode_ci NOT NULL,
  `first_name` varchar(191) COLLATE utf8mb4_unicode_ci NOT NULL,
  `last_name` varchar(191) COLLATE utf8mb4_unicode_ci NOT NULL,
  `email` varchar(191) COLLATE utf8mb4_unicode_ci DEFAULT NULL,
  `phone` varchar(191) COLLATE utf8mb4_unicode_ci NOT NULL,
  `password` varchar(191) COLLATE utf8mb4_unicode_ci NOT NULL,
  `remember_token` varchar(191) COLLATE utf8mb4_unicode_ci DEFAULT NULL,
  `image` varchar(191) COLLATE utf8mb4_unicode_ci DEFAULT NULL,
  `status` tinyint(1) NOT NULL DEFAULT '1',
  `created_at` timestamp NULL DEFAULT NULL,
  `updated_at` timestamp NULL DEFAULT NULL
) ENGINE=InnoDB DEFAULT CHARSET=utf8mb4 COLLATE=utf8mb4_unicode_ci;

-- --------------------------------------------------------

--
-- Table structure for table `driver_hub_shipment_box`
--

CREATE TABLE `driver_hub_shipment_box` (
  `id` bigint(20) UNSIGNED NOT NULL,
  `driver_id` bigint(20) UNSIGNED DEFAULT NULL,
  `hub_shipment_box_id` bigint(20) UNSIGNED NOT NULL,
  `shipment_id` bigint(20) UNSIGNED NOT NULL,
  `admin_id` bigint(20) UNSIGNED NOT NULL,
  `status` varchar(191) COLLATE utf8mb4_unicode_ci NOT NULL DEFAULT 'pending',
  `status_in` varchar(191) COLLATE utf8mb4_unicode_ci DEFAULT NULL,
  `driver_note` varchar(191) COLLATE utf8mb4_unicode_ci DEFAULT NULL,
  `created_at` timestamp NULL DEFAULT NULL,
  `updated_at` timestamp NULL DEFAULT NULL
) ENGINE=InnoDB DEFAULT CHARSET=utf8mb4 COLLATE=utf8mb4_unicode_ci;

-- --------------------------------------------------------

--
-- Table structure for table `driver_return_shipment_box`
--

CREATE TABLE `driver_return_shipment_box` (
  `id` bigint(20) UNSIGNED NOT NULL,
  `driver_id` bigint(20) UNSIGNED DEFAULT NULL,
  `return_shipment_box_id` bigint(20) UNSIGNED NOT NULL,
  `shipment_id` bigint(20) UNSIGNED NOT NULL,
  `admin_id` bigint(20) UNSIGNED NOT NULL,
  `status` varchar(191) COLLATE utf8mb4_unicode_ci NOT NULL DEFAULT 'pending',
  `status_in` varchar(191) COLLATE utf8mb4_unicode_ci DEFAULT NULL,
  `driver_note` varchar(191) COLLATE utf8mb4_unicode_ci DEFAULT NULL,
  `created_at` timestamp NULL DEFAULT NULL,
  `updated_at` timestamp NULL DEFAULT NULL
) ENGINE=InnoDB DEFAULT CHARSET=utf8mb4 COLLATE=utf8mb4_unicode_ci;

-- --------------------------------------------------------

--
-- Table structure for table `driver_shipment`
--

CREATE TABLE `driver_shipment` (
  `id` bigint(20) UNSIGNED NOT NULL,
  `driver_id` bigint(20) UNSIGNED NOT NULL,
  `shipment_id` bigint(20) UNSIGNED NOT NULL,
  `admin_id` bigint(20) UNSIGNED NOT NULL,
  `note` text COLLATE utf8mb4_unicode_ci,
  `status` enum('pending','delivered','lost','received','cancelled') COLLATE utf8mb4_unicode_ci NOT NULL DEFAULT 'pending',
  `created_at` timestamp NULL DEFAULT NULL,
  `updated_at` timestamp NULL DEFAULT NULL
) ENGINE=InnoDB DEFAULT CHARSET=utf8mb4 COLLATE=utf8mb4_unicode_ci;

-- --------------------------------------------------------

--
-- Table structure for table `driver_shipment_delivery`
--

CREATE TABLE `driver_shipment_delivery` (
  `id` bigint(20) UNSIGNED NOT NULL,
  `driver_id` bigint(20) UNSIGNED NOT NULL,
  `shipment_id` bigint(20) UNSIGNED NOT NULL,
  `type` varchar(191) COLLATE utf8mb4_unicode_ci DEFAULT NULL,
  `status` varchar(191) COLLATE utf8mb4_unicode_ci DEFAULT NULL,
  `created_at` timestamp NULL DEFAULT NULL,
  `updated_at` timestamp NULL DEFAULT NULL
) ENGINE=InnoDB DEFAULT CHARSET=utf8mb4 COLLATE=utf8mb4_unicode_ci;

-- --------------------------------------------------------

--
-- Table structure for table `histories`
--

CREATE TABLE `histories` (
  `id` bigint(20) UNSIGNED NOT NULL,
  `title` varchar(191) COLLATE utf8mb4_unicode_ci NOT NULL,
  `photo` varchar(191) COLLATE utf8mb4_unicode_ci DEFAULT NULL,
  `description` longtext COLLATE utf8mb4_unicode_ci,
  `status` int(11) NOT NULL DEFAULT '0',
  `created_at` timestamp NULL DEFAULT NULL,
  `updated_at` timestamp NULL DEFAULT NULL
) ENGINE=InnoDB DEFAULT CHARSET=utf8mb4 COLLATE=utf8mb4_unicode_ci;

--
-- Dumping data for table `histories`
--

INSERT INTO `histories` (`id`, `title`, `photo`, `description`, `status`, `created_at`, `updated_at`) VALUES
(1, 'Company History', NULL, '<p>Hi,</p>\r\n\r\n<p>This is Company history page</p>', 1, '2021-11-27 04:44:25', '2021-11-27 04:44:25');

-- --------------------------------------------------------

--
-- Table structure for table `hold_shipments`
--

CREATE TABLE `hold_shipments` (
  `id` bigint(20) UNSIGNED NOT NULL,
  `shipment_id` bigint(20) UNSIGNED NOT NULL,
  `hub_id` bigint(20) UNSIGNED NOT NULL,
  `admin_id` bigint(20) UNSIGNED NOT NULL,
  `status` varchar(191) COLLATE utf8mb4_unicode_ci NOT NULL DEFAULT 'pending',
  `created_at` timestamp NULL DEFAULT NULL,
  `updated_at` timestamp NULL DEFAULT NULL
) ENGINE=InnoDB DEFAULT CHARSET=utf8mb4 COLLATE=utf8mb4_unicode_ci;

-- --------------------------------------------------------

--
-- Table structure for table `hubs`
--

CREATE TABLE `hubs` (
  `id` bigint(20) UNSIGNED NOT NULL,
  `name` varchar(191) COLLATE utf8mb4_unicode_ci NOT NULL,
  `zone_id` bigint(20) UNSIGNED NOT NULL,
  `status` tinyint(1) NOT NULL DEFAULT '1',
  `created_at` timestamp NULL DEFAULT NULL,
  `updated_at` timestamp NULL DEFAULT NULL
) ENGINE=InnoDB DEFAULT CHARSET=utf8mb4 COLLATE=utf8mb4_unicode_ci;

--
-- Dumping data for table `hubs`
--

INSERT INTO `hubs` (`id`, `name`, `zone_id`, `status`, `created_at`, `updated_at`) VALUES
(1, 'Kalabagan', 1, 1, '2020-11-25 15:42:42', '2020-11-25 15:42:42'),
(2, 'Mohakhali', 1, 1, '2020-11-25 15:42:57', '2020-11-25 15:42:57'),
(3, 'Malibagh', 1, 1, '2020-11-25 15:43:24', '2020-11-25 15:43:24'),
(4, 'Mirpur', 1, 1, '2020-11-25 15:43:41', '2020-11-25 15:43:41'),
(5, 'Uttora', 1, 1, '2020-11-25 15:43:58', '2020-11-25 15:43:58'),
(6, 'Puran Dhaka', 1, 1, '2020-11-25 15:44:26', '2020-11-25 15:44:26'),
(7, 'Jatrabari', 1, 1, '2020-11-25 15:44:50', '2020-11-25 15:44:50'),
(8, 'Bogra', 2, 1, '2020-11-26 12:59:25', '2020-11-26 12:59:25'),
(9, 'Faridpur', 2, 1, '2020-11-26 12:59:48', '2020-11-26 13:13:41'),
(10, 'Barishal', 2, 1, '2020-11-26 13:00:18', '2020-11-26 13:00:18'),
(11, 'Chapai Nawabganj', 2, 1, '2020-11-26 13:01:19', '2020-11-26 13:11:34'),
(12, 'B.Baria', 4, 1, '2020-11-26 13:01:38', '2021-10-28 04:03:40'),
(13, 'Bhola', 2, 1, '2020-11-26 13:02:01', '2020-11-26 13:10:28'),
(14, 'Chuadanga', 2, 1, '2020-11-26 13:02:22', '2020-11-26 13:02:22'),
(15, 'Dinajpur', 2, 1, '2020-11-26 13:02:29', '2020-11-26 13:13:19'),
(16, 'Bandarban', 2, 1, '2020-11-26 13:02:42', '2020-11-26 13:02:42'),
(17, 'Comilla', 2, 1, '2020-11-26 13:02:49', '2020-11-26 13:12:23'),
(18, 'Feni', 2, 1, '2020-11-26 13:03:03', '2020-11-26 13:14:09'),
(19, 'Barguna', 2, 1, '2020-11-26 13:03:09', '2020-11-26 13:03:09'),
(20, 'Chittagong', 2, 1, '2020-11-26 13:03:29', '2020-11-26 13:03:29'),
(21, 'Chandpur', 2, 1, '2020-11-26 13:03:39', '2020-11-26 13:10:15'),
(22, 'Coxbazar', 2, 1, '2020-11-26 13:03:49', '2020-11-26 13:12:50'),
(23, 'Bagerhat', 4, 1, '2020-11-26 13:03:50', '2021-10-28 04:03:21'),
(24, 'Gaibandha', 2, 1, '2020-11-26 13:54:27', '2020-11-26 13:54:48'),
(25, 'Rajbari', 2, 1, '2020-11-26 13:54:43', '2020-11-26 13:54:43'),
(26, 'Gazipur', 2, 1, '2020-11-26 13:55:02', '2020-11-26 13:55:02'),
(27, 'Rajshahi', 2, 1, '2020-11-26 13:55:15', '2020-11-26 13:55:15'),
(28, 'Gopalganj', 2, 1, '2020-11-26 13:55:19', '2020-11-26 13:55:19'),
(29, 'Habiganj', 2, 1, '2020-11-26 13:55:32', '2020-11-26 13:55:32'),
(30, 'Rangamati', 2, 1, '2020-11-26 13:55:45', '2020-11-26 13:55:45'),
(31, 'Hajiganj', 2, 1, '2020-11-26 13:56:04', '2020-11-26 13:56:04'),
(32, 'Rangpur', 2, 1, '2020-11-26 13:56:13', '2020-11-26 13:56:13'),
(33, 'Jamalpur', 2, 1, '2020-11-26 13:56:23', '2020-11-26 13:56:23'),
(34, 'Jessore', 2, 1, '2020-11-26 13:56:37', '2020-11-26 13:56:37'),
(35, 'Saidpur', 2, 1, '2020-11-26 13:56:50', '2020-11-26 13:56:50'),
(36, 'Satkhira', 2, 1, '2020-11-26 13:57:11', '2020-11-26 13:57:11'),
(37, 'Jhalokathi', 2, 1, '2020-11-26 13:57:25', '2020-11-26 13:57:25'),
(38, 'Sherpur', 2, 1, '2020-11-26 13:57:37', '2020-11-26 13:57:37'),
(39, 'Jhenaidah', 2, 1, '2020-11-26 13:57:47', '2020-11-26 13:57:47'),
(40, 'Sirajgonj', 2, 1, '2020-11-26 13:58:01', '2020-11-26 13:58:01'),
(41, 'Joypurhat', 2, 1, '2020-11-26 13:58:07', '2020-11-26 13:58:07'),
(42, 'Khulan', 2, 1, '2020-11-26 13:58:33', '2020-11-26 13:58:33'),
(43, 'Kishoregonj', 2, 1, '2020-11-26 13:58:50', '2020-11-26 13:58:50'),
(44, 'Sunamgonj', 4, 1, '2020-11-26 13:58:53', '2021-10-28 04:04:46'),
(45, 'Kurigram', 2, 1, '2020-11-26 13:59:04', '2020-11-26 13:59:04'),
(46, 'Kustia', 2, 1, '2020-11-26 13:59:19', '2020-11-26 13:59:19'),
(47, 'Sylhet', 4, 1, '2020-11-26 13:59:27', '2021-10-28 04:01:56'),
(48, 'Lakshmipur', 2, 1, '2020-11-26 13:59:36', '2020-11-26 13:59:36'),
(49, 'Lalmonirhat', 2, 1, '2020-11-26 13:59:59', '2020-11-26 13:59:59'),
(50, 'Tangail', 4, 1, '2020-11-26 14:00:20', '2021-10-28 04:01:26'),
(51, 'Madaripur', 2, 1, '2020-11-26 14:00:27', '2020-11-26 14:00:27'),
(52, 'Magura', 2, 1, '2020-11-26 14:00:41', '2020-11-26 14:00:41'),
(53, 'Manikgonj', 2, 1, '2020-11-26 14:00:54', '2020-11-26 14:00:54'),
(54, 'Thakurgaon', 4, 1, '2020-11-26 14:00:59', '2021-10-28 04:00:51'),
(55, 'Meherpur', 2, 1, '2020-11-26 14:01:08', '2020-11-26 14:01:08'),
(56, 'Moulovibazar', 2, 1, '2020-11-26 14:01:25', '2020-11-26 14:01:25'),
(57, 'Perojpur', 2, 1, '2020-11-26 14:01:27', '2020-11-26 14:01:27'),
(58, 'Mushiganj', 2, 1, '2020-11-26 14:01:48', '2020-11-26 14:01:48'),
(59, 'Patuakhali', 2, 1, '2020-11-26 14:01:50', '2020-11-26 14:01:50'),
(60, 'Mymensingh', 2, 1, '2020-11-26 14:02:24', '2020-11-26 14:02:24'),
(61, 'Panchagarh', 2, 1, '2020-11-26 14:02:27', '2020-11-26 14:02:27'),
(62, 'Nakla', 2, 1, '2020-11-26 14:02:56', '2020-11-26 14:02:56'),
(63, 'Pabna', 2, 1, '2020-11-26 14:02:56', '2020-11-26 14:02:56'),
(64, 'Norshingdi', 2, 1, '2020-11-26 14:03:21', '2020-11-26 14:03:21'),
(65, 'Naogaon', 2, 1, '2020-11-26 14:03:25', '2020-11-26 14:03:25'),
(66, 'Narail', 2, 1, '2020-11-26 14:03:38', '2020-11-26 14:03:38'),
(67, 'Noapara', 2, 1, '2020-11-26 14:03:53', '2020-11-26 14:03:53'),
(68, 'Narayangonj', 2, 1, '2020-11-26 14:04:09', '2020-11-26 14:04:09'),
(69, 'Noakhali', 2, 1, '2020-11-26 14:04:17', '2020-11-26 14:04:17'),
(70, 'Nilphamari', 2, 1, '2020-11-26 14:04:39', '2020-11-26 14:04:39'),
(71, 'Netrokona', 2, 1, '2020-11-26 14:05:04', '2020-11-26 14:05:04'),
(72, 'Nator', 2, 1, '2020-11-26 14:05:16', '2020-11-26 14:05:16');

-- --------------------------------------------------------

--
-- Table structure for table `hub_shipment`
--

CREATE TABLE `hub_shipment` (
  `id` bigint(20) UNSIGNED NOT NULL,
  `user_id` bigint(20) UNSIGNED NOT NULL,
  `shipment_id` bigint(20) UNSIGNED NOT NULL,
  `hub_id` bigint(20) UNSIGNED NOT NULL,
  `admin_id` bigint(20) UNSIGNED NOT NULL,
  `status` varchar(191) COLLATE utf8mb4_unicode_ci NOT NULL DEFAULT 'on-dispatch',
  `created_at` timestamp NULL DEFAULT NULL,
  `updated_at` timestamp NULL DEFAULT NULL
) ENGINE=InnoDB DEFAULT CHARSET=utf8mb4 COLLATE=utf8mb4_unicode_ci;

-- --------------------------------------------------------

--
-- Table structure for table `hub_shipment_boxes`
--

CREATE TABLE `hub_shipment_boxes` (
  `id` bigint(20) UNSIGNED NOT NULL,
  `bulk_id` varchar(191) COLLATE utf8mb4_unicode_ci NOT NULL,
  `hub_id` bigint(20) UNSIGNED NOT NULL,
  `shipment_ids` varchar(191) COLLATE utf8mb4_unicode_ci NOT NULL,
  `admin_id` bigint(20) UNSIGNED NOT NULL,
  `box_by` bigint(20) UNSIGNED DEFAULT NULL,
  `status` varchar(191) COLLATE utf8mb4_unicode_ci NOT NULL DEFAULT 'dispatch',
  `created_at` timestamp NULL DEFAULT NULL,
  `updated_at` timestamp NULL DEFAULT NULL
) ENGINE=InnoDB DEFAULT CHARSET=utf8mb4 COLLATE=utf8mb4_unicode_ci;

--
-- Dumping data for table `hub_shipment_boxes`
--

INSERT INTO `hub_shipment_boxes` (`id`, `bulk_id`, `hub_id`, `shipment_ids`, `admin_id`, `box_by`, `status`, `created_at`, `updated_at`) VALUES
(35, '101669087831', 1, '26', 1, NULL, 'on-delivery', '2021-12-04 09:31:50', '2021-12-04 09:31:50');

-- --------------------------------------------------------

--
-- Table structure for table `mail_configurations`
--

CREATE TABLE `mail_configurations` (
  `id` bigint(20) UNSIGNED NOT NULL,
  `type` varchar(191) COLLATE utf8mb4_unicode_ci NOT NULL COMMENT 'default: config',
  `username` varchar(191) COLLATE utf8mb4_unicode_ci NOT NULL,
  `password` varchar(191) COLLATE utf8mb4_unicode_ci NOT NULL,
  `send_email` varchar(191) COLLATE utf8mb4_unicode_ci NOT NULL COMMENT 'referrece email to send mail',
  `created_at` timestamp NULL DEFAULT NULL,
  `updated_at` timestamp NULL DEFAULT NULL
) ENGINE=InnoDB DEFAULT CHARSET=utf8mb4 COLLATE=utf8mb4_unicode_ci;

--
-- Dumping data for table `mail_configurations`
--

INSERT INTO `mail_configurations` (`id`, `type`, `username`, `password`, `send_email`, `created_at`, `updated_at`) VALUES
(1, 'config', 'finecourier@gmail.com', '@!Nayem890', 'rofequlislamnayem@gmail.com', '2021-01-04 22:50:17', '2021-02-08 15:07:06');

-- --------------------------------------------------------

--
-- Table structure for table `messages`
--

CREATE TABLE `messages` (
  `id` bigint(20) UNSIGNED NOT NULL,
  `name` varchar(191) COLLATE utf8mb4_unicode_ci NOT NULL,
  `email` varchar(191) COLLATE utf8mb4_unicode_ci NOT NULL,
  `phone` text COLLATE utf8mb4_unicode_ci NOT NULL,
  `message` text COLLATE utf8mb4_unicode_ci NOT NULL,
  `status` int(11) NOT NULL DEFAULT '0',
  `created_at` timestamp NULL DEFAULT NULL,
  `updated_at` timestamp NULL DEFAULT NULL
) ENGINE=InnoDB DEFAULT CHARSET=utf8mb4 COLLATE=utf8mb4_unicode_ci;

-- --------------------------------------------------------

--
-- Table structure for table `migrations`
--

CREATE TABLE `migrations` (
  `id` int(10) UNSIGNED NOT NULL,
  `migration` varchar(191) COLLATE utf8mb4_unicode_ci NOT NULL,
  `batch` int(11) NOT NULL
) ENGINE=InnoDB DEFAULT CHARSET=utf8mb4 COLLATE=utf8mb4_unicode_ci;

--
-- Dumping data for table `migrations`
--

INSERT INTO `migrations` (`id`, `migration`, `batch`) VALUES
(1, '2014_10_12_0000000_create_roles_table', 1),
(2, '2014_10_12_00000_create_zones_table', 1),
(3, '2014_10_12_0000_create_hubs_table', 1),
(4, '2014_10_12_000_create_areas_table', 1),
(5, '2014_10_12_01_create_users_table', 1),
(6, '2020_11_09_165748_create_admins_table', 1),
(7, '2020_11_09_165803_create_drivers_table', 1),
(8, '2020_11_10_112406_create_basic_information_table', 1),
(9, '2020_11_13_122823_create_shipping_prices_table', 1),
(10, '2020_11_14_083148_create_shipments_table', 1),
(11, '2020_11_18_002828_create_driver_shipment_table', 1),
(12, '2020_11_25_162527_create_shipment_movements_table', 1),
(13, '2020_11_26_052508_create_hub_shipment_table', 1),
(14, '2020_11_28_144655_create_hub_shipment_boxes_table', 1),
(15, '2020_12_01_191523_create_driver_hub_shipment_box_table', 1),
(16, '2020_12_02_125346_create_sliders_table', 1),
(17, '2020_12_02_130808_create_abouts_table', 1),
(18, '2020_12_02_130843_create_client_reviews_table', 1),
(19, '2020_12_02_131048_create_messages_table', 1),
(20, '2020_12_02_131109_create_blog_categories_table', 1),
(21, '2020_12_02_131121_create_blogs_table', 1),
(22, '2020_12_09_151631_create_user_verifications_table', 1),
(23, '2020_12_09_153303_create_mail_configurations_table', 1),
(24, '2020_12_14_151008_create_reconcile_shipments_table', 1),
(25, '2020_12_14_182735_create_admin_hub_table', 1),
(26, '2020_12_19_060118_create_admin_roles_table', 1),
(27, '2020_12_19_061125_create_role_allows_table', 1),
(28, '2020_12_22_174313_create_hold_shipments_table', 1),
(29, '2020_12_22_194023_create_return_shipments_table', 1),
(30, '2020_12_23_053504_create_return_shipment_boxes_table', 1),
(31, '2020_12_23_065353_create_driver_return_shipment_box_table', 1),
(32, '2020_12_27_095214_create_driver_shipment_delivery_table', 1),
(33, '2021_01_02_172625_create_thirdparty_shipments_table', 1),
(34, '2021_01_03_160146_create_send_sms_table', 1),
(35, '2021_01_05_041029_create_shipment_opt_confirmations_table', 1),
(36, '2021_01_05_070222_create_shipment_delivery_payments_table', 2);

-- --------------------------------------------------------

--
-- Table structure for table `missions`
--

CREATE TABLE `missions` (
  `id` bigint(20) UNSIGNED NOT NULL,
  `title` varchar(191) COLLATE utf8mb4_unicode_ci NOT NULL,
  `photo` varchar(191) COLLATE utf8mb4_unicode_ci DEFAULT NULL,
  `description` longtext COLLATE utf8mb4_unicode_ci,
  `status` int(11) NOT NULL DEFAULT '0',
  `created_at` timestamp NULL DEFAULT NULL,
  `updated_at` timestamp NULL DEFAULT NULL
) ENGINE=InnoDB DEFAULT CHARSET=utf8mb4 COLLATE=utf8mb4_unicode_ci;

--
-- Dumping data for table `missions`
--

INSERT INTO `missions` (`id`, `title`, `photo`, `description`, `status`, `created_at`, `updated_at`) VALUES
(1, 'Mission Post', NULL, 'Our test mission', 1, '2021-11-26 08:53:07', '2021-11-26 08:53:07');

-- --------------------------------------------------------

--
-- Table structure for table `promises`
--

CREATE TABLE `promises` (
  `id` bigint(20) UNSIGNED NOT NULL,
  `title` varchar(191) COLLATE utf8mb4_unicode_ci NOT NULL,
  `photo` varchar(191) COLLATE utf8mb4_unicode_ci DEFAULT NULL,
  `description` longtext COLLATE utf8mb4_unicode_ci,
  `status` int(11) NOT NULL DEFAULT '0',
  `created_at` timestamp NULL DEFAULT NULL,
  `updated_at` timestamp NULL DEFAULT NULL
) ENGINE=InnoDB DEFAULT CHARSET=utf8mb4 COLLATE=utf8mb4_unicode_ci;

--
-- Dumping data for table `promises`
--

INSERT INTO `promises` (`id`, `title`, `photo`, `description`, `status`, `created_at`, `updated_at`) VALUES
(1, 'test', NULL, 'What is Lorem Ipsum?\r\nLorem Ipsum is simply dummy text of the printing and typesetting industry. Lorem Ipsum has been the industry\'s standard dummy text ever since the 1500s, when an unknown printer took a galley of type and scrambled it to make a type specimen book. It has survived not only five centuries, but also the leap into electronic typesetting, remaining essentially unchanged. It was popularised in the 1960s with the release of Letraset sheets containing Lorem Ipsum passages, and more recently with desktop publishing software like Aldus PageMaker including versions of Lorem Ipsum.\r\n\r\nWhy do we use it?\r\nIt is a long established fact that a reader will be distracted by the readable content of a page when looking at its layout. The point of using Lorem Ipsum is that it has a more-or-less normal distribution of letters, as opposed to using \'Content here, content here\', making it look like readable English. Many desktop publishing packages and web page editors now use Lorem Ipsum as their default model text, and a search for \'lorem ipsum\' will uncover many web sites still in their infancy. Various versions have evolved over the years, sometimes by accident, sometimes on purpose (injected humour and the like).\r\n\r\n\r\nWhere does it come from?\r\nContrary to popular belief, Lorem Ipsum is not simply random text. It has roots in a piece of classical Latin literature from 45 BC, making it over 2000 years old. Richard McClintock, a Latin professor at Hampden-Sydney College in Virginia, looked up one of the more obscure Latin words, consectetur, from a Lorem Ipsum passage, and going through the cites of the word in classical literature, discovered the undoubtable source. Lorem Ipsum comes from sections 1.10.32 and 1.10.33 of \"de Finibus Bonorum et Malorum\" (The Extremes of Good and Evil) by Cicero, written in 45 BC. This book is a treatise on the theory of ethics, very popular during the Renaissance. The first line of Lorem Ipsum, \"Lorem ipsum dolor sit amet..\", comes from a line in section 1.10.32.\r\n\r\nThe standard chunk of Lorem Ipsum used since the 1500s', 1, '2021-11-29 15:14:03', '2021-11-29 15:14:03');

-- --------------------------------------------------------

--
-- Table structure for table `reconcile_shipments`
--

CREATE TABLE `reconcile_shipments` (
  `id` bigint(20) UNSIGNED NOT NULL,
  `shipment_id` bigint(20) UNSIGNED NOT NULL,
  `admin_id` bigint(20) UNSIGNED NOT NULL,
  `loops` int(11) NOT NULL DEFAULT '0',
  `status` varchar(191) COLLATE utf8mb4_unicode_ci NOT NULL DEFAULT 'pending',
  `created_at` timestamp NULL DEFAULT NULL,
  `updated_at` timestamp NULL DEFAULT NULL
) ENGINE=InnoDB DEFAULT CHARSET=utf8mb4 COLLATE=utf8mb4_unicode_ci;

-- --------------------------------------------------------

--
-- Table structure for table `return_shipments`
--

CREATE TABLE `return_shipments` (
  `id` bigint(20) UNSIGNED NOT NULL,
  `shipment_id` bigint(20) UNSIGNED NOT NULL,
  `hub_id` bigint(20) UNSIGNED NOT NULL,
  `admin_id` bigint(20) UNSIGNED NOT NULL,
  `status` varchar(191) COLLATE utf8mb4_unicode_ci NOT NULL DEFAULT 'pending',
  `created_at` timestamp NULL DEFAULT NULL,
  `updated_at` timestamp NULL DEFAULT NULL
) ENGINE=InnoDB DEFAULT CHARSET=utf8mb4 COLLATE=utf8mb4_unicode_ci;

-- --------------------------------------------------------

--
-- Table structure for table `return_shipment_boxes`
--

CREATE TABLE `return_shipment_boxes` (
  `id` bigint(20) UNSIGNED NOT NULL,
  `bulk_id` varchar(191) COLLATE utf8mb4_unicode_ci NOT NULL,
  `hub_id` bigint(20) UNSIGNED NOT NULL,
  `shipment_ids` varchar(191) COLLATE utf8mb4_unicode_ci NOT NULL,
  `admin_id` bigint(20) UNSIGNED NOT NULL,
  `box_by` bigint(20) UNSIGNED DEFAULT NULL,
  `status` varchar(191) COLLATE utf8mb4_unicode_ci NOT NULL DEFAULT 'dispatch',
  `created_at` timestamp NULL DEFAULT NULL,
  `updated_at` timestamp NULL DEFAULT NULL
) ENGINE=InnoDB DEFAULT CHARSET=utf8mb4 COLLATE=utf8mb4_unicode_ci;

-- --------------------------------------------------------

--
-- Table structure for table `roles`
--

CREATE TABLE `roles` (
  `id` bigint(20) UNSIGNED NOT NULL,
  `title` varchar(191) COLLATE utf8mb4_unicode_ci NOT NULL,
  `created_at` timestamp NULL DEFAULT NULL,
  `updated_at` timestamp NULL DEFAULT NULL
) ENGINE=InnoDB DEFAULT CHARSET=utf8mb4 COLLATE=utf8mb4_unicode_ci;

--
-- Dumping data for table `roles`
--

INSERT INTO `roles` (`id`, `title`, `created_at`, `updated_at`) VALUES
(1, 'Supser-admin', '2021-01-04 22:49:41', '2021-01-04 22:49:41'),
(2, 'Sub-admin', '2021-01-04 22:49:41', '2021-01-04 22:49:41');

-- --------------------------------------------------------

--
-- Table structure for table `role_allows`
--

CREATE TABLE `role_allows` (
  `id` bigint(20) UNSIGNED NOT NULL,
  `admin_id` bigint(20) UNSIGNED NOT NULL,
  `admin_role_id` bigint(20) UNSIGNED NOT NULL,
  `created_at` timestamp NULL DEFAULT NULL,
  `updated_at` timestamp NULL DEFAULT NULL
) ENGINE=InnoDB DEFAULT CHARSET=utf8mb4 COLLATE=utf8mb4_unicode_ci;

-- --------------------------------------------------------

--
-- Table structure for table `send_sms`
--

CREATE TABLE `send_sms` (
  `id` bigint(20) UNSIGNED NOT NULL,
  `receiver_type` varchar(191) COLLATE utf8mb4_unicode_ci NOT NULL,
  `sent_to` varchar(191) COLLATE utf8mb4_unicode_ci NOT NULL COMMENT 'phone',
  `message_body` varchar(191) COLLATE utf8mb4_unicode_ci NOT NULL,
  `created_at` timestamp NULL DEFAULT NULL,
  `updated_at` timestamp NULL DEFAULT NULL
) ENGINE=InnoDB DEFAULT CHARSET=utf8mb4 COLLATE=utf8mb4_unicode_ci;

--
-- Dumping data for table `send_sms`
--

INSERT INTO `send_sms` (`id`, `receiver_type`, `sent_to`, `message_body`, `created_at`, `updated_at`) VALUES
(142, 'customer', '7576587887', 'Dear admin.email.com, We Express One Courier Service has received your parcel & we at your hand soon. Price of parcel delivery is: 100', '2021-10-23 09:43:46', '2021-10-23 09:43:46'),
(143, 'customer', '7576587887', 'Dear admin.email.com, You have a parcel on  &  paracel is in Dispatch centen. We will get you soon!', '2021-10-23 09:48:06', '2021-10-23 09:48:06'),
(144, 'customer', '7576587887', 'Dear admin.email.com, Your parcel on https://expressonecourierservice.com is on delivery. Arafat Ahmed (01923456789) will carry your parcel.', '2021-10-23 09:53:43', '2021-10-23 09:53:43'),
(145, 'merchant', '01966634890', 'Dear Nayem, Your parcel #1109850408 is on delivery. Arafat Ahmed (01923456789) is responsible to delivery the parcel!', '2021-10-23 09:53:44', '2021-10-23 09:53:44'),
(146, 'customer', '012345678910', 'Dear Julekha Begum, We Express One Courier Service has received your parcel & we at your hand soon. Price of parcel delivery is: 200.5', '2021-12-03 17:30:09', '2021-12-03 17:30:09'),
(147, 'customer', '8.80187E+12', 'Dear kabil, We Express One Courier Service has received your parcel & we at your hand soon. Price of parcel delivery is: 251', '2021-12-03 17:30:17', '2021-12-03 17:30:17'),
(148, 'customer', '1873445555', 'Dear habil, We Express One Courier Service has received your parcel & we at your hand soon. Price of parcel delivery is: 240', '2021-12-03 17:30:26', '2021-12-03 17:30:26'),
(149, 'customer', '8.80E+12', 'Dear kabil, We Express One Courier Service has received your parcel & we at your hand soon. Price of parcel delivery is: 0', '2021-12-03 17:30:27', '2021-12-03 17:30:27'),
(150, 'customer', '1994807666', 'Dear kobita, We Express One Courier Service has received your parcel & we at your hand soon. Price of parcel delivery is: 170', '2021-12-03 17:30:28', '2021-12-03 17:30:28'),
(151, 'customer', '01312826310', 'Dear Habib, We Express One Courier Service has received your parcel & we at your hand soon. Price of parcel delivery is: 150', '2021-12-03 17:30:29', '2021-12-03 17:30:29'),
(152, 'customer', '1873445555', 'Dear habil, We Express One Courier Service has received your parcel & we at your hand soon. Price of parcel delivery is: 271.2', '2021-12-03 17:30:31', '2021-12-03 17:30:31'),
(153, 'customer', '016872965', 'Dear Mollika, We Express One Courier Service has received your parcel & we at your hand soon. Price of parcel delivery is: 249.99', '2021-12-03 17:30:32', '2021-12-03 17:30:32'),
(154, 'customer', '01312826310', 'Dear Habib, You have a parcel on  &  paracel is in Dispatch centen. We will get you soon!', '2021-12-03 17:47:04', '2021-12-03 17:47:04'),
(155, 'customer', '012345678910', 'Dear Julekha Begum, You have a parcel on  &  paracel is in Dispatch centen. We will get you soon!', '2021-12-03 17:47:05', '2021-12-03 17:47:05'),
(156, 'customer', '8.80187E+12', 'Dear kabil, You have a parcel on  &  paracel is in Dispatch centen. We will get you soon!', '2021-12-03 17:47:06', '2021-12-03 17:47:06'),
(157, 'customer', '016872965', 'Dear Mollika, You have a parcel on  &  paracel is in Dispatch centen. We will get you soon!', '2021-12-03 17:47:07', '2021-12-03 17:47:07'),
(158, 'customer', '1873445555', 'Dear habil, You have a parcel on  &  paracel is in Dispatch centen. We will get you soon!', '2021-12-03 17:47:08', '2021-12-03 17:47:08'),
(159, 'customer', '1873445555', 'Dear habil, You have a parcel on  &  paracel is in Dispatch centen. We will get you soon!', '2021-12-03 17:47:09', '2021-12-03 17:47:09'),
(160, 'customer', '1994807666', 'Dear kobita, You have a parcel on  &  paracel is in Dispatch centen. We will get you soon!', '2021-12-03 17:47:11', '2021-12-03 17:47:11'),
(161, 'customer', '8.80E+12', 'Dear kabil, You have a parcel on  &  paracel is in Dispatch centen. We will get you soon!', '2021-12-03 17:47:12', '2021-12-03 17:47:12'),
(162, 'customer', '01312826310', 'Dear Habib, Your parcel on https://express-onebd.com is on delivery. Arafat Ahmed (01923456789) will carry your parcel.', '2021-12-04 08:57:31', '2021-12-04 08:57:31'),
(163, 'merchant', '01312826310', 'Dear 01312826310, Your parcel #2027696268 is on delivery. Arafat Ahmed (01923456789) is responsible to delivery the parcel!', '2021-12-04 08:57:33', '2021-12-04 08:57:33'),
(164, 'customer', '012345678910', 'Dear Julekha Begum, Your parcel on https://express-onebd.com is on delivery. Arafat Ahmed (01923456789) will carry your parcel.', '2021-12-04 08:57:34', '2021-12-04 08:57:34'),
(165, 'merchant', '01312826310', 'Dear 01312826310, Your parcel #833741516 is on delivery. Arafat Ahmed (01923456789) is responsible to delivery the parcel!', '2021-12-04 08:57:35', '2021-12-04 08:57:35');

-- --------------------------------------------------------

--
-- Table structure for table `shipments`
--

CREATE TABLE `shipments` (
  `id` bigint(20) UNSIGNED NOT NULL,
  `user_id` bigint(20) UNSIGNED NOT NULL,
  `zone_id` bigint(20) UNSIGNED NOT NULL,
  `area_id` bigint(20) UNSIGNED DEFAULT NULL,
  `added_by` varchar(191) COLLATE utf8mb4_unicode_ci NOT NULL DEFAULT 'merchant',
  `name` varchar(191) COLLATE utf8mb4_unicode_ci DEFAULT NULL,
  `phone` varchar(191) COLLATE utf8mb4_unicode_ci DEFAULT NULL,
  `address` varchar(191) COLLATE utf8mb4_unicode_ci DEFAULT NULL,
  `zip_code` varchar(191) COLLATE utf8mb4_unicode_ci DEFAULT NULL,
  `parcel_value` varchar(191) COLLATE utf8mb4_unicode_ci DEFAULT NULL,
  `invoice_id` varchar(191) COLLATE utf8mb4_unicode_ci NOT NULL,
  `merchant_note` varchar(191) COLLATE utf8mb4_unicode_ci DEFAULT NULL,
  `weight` varchar(191) COLLATE utf8mb4_unicode_ci NOT NULL,
  `delivery_type` varchar(191) COLLATE utf8mb4_unicode_ci NOT NULL,
  `cod` varchar(191) COLLATE utf8mb4_unicode_ci NOT NULL,
  `cod_amount` varchar(191) COLLATE utf8mb4_unicode_ci NOT NULL,
  `price` varchar(191) COLLATE utf8mb4_unicode_ci NOT NULL,
  `tracking_code` varchar(191) COLLATE utf8mb4_unicode_ci DEFAULT NULL,
  `total_price` varchar(191) COLLATE utf8mb4_unicode_ci NOT NULL,
  `shipping_status` varchar(191) COLLATE utf8mb4_unicode_ci NOT NULL DEFAULT '0',
  `status` varchar(191) COLLATE utf8mb4_unicode_ci NOT NULL DEFAULT '1',
  `time_starts` timestamp NOT NULL DEFAULT CURRENT_TIMESTAMP,
  `created_at` timestamp NULL DEFAULT NULL,
  `updated_at` timestamp NULL DEFAULT NULL
) ENGINE=InnoDB DEFAULT CHARSET=utf8mb4 COLLATE=utf8mb4_unicode_ci;

--
-- Dumping data for table `shipments`
--

INSERT INTO `shipments` (`id`, `user_id`, `zone_id`, `area_id`, `added_by`, `name`, `phone`, `address`, `zip_code`, `parcel_value`, `invoice_id`, `merchant_note`, `weight`, `delivery_type`, `cod`, `cod_amount`, `price`, `tracking_code`, `total_price`, `shipping_status`, `status`, `time_starts`, `created_at`, `updated_at`) VALUES
(26, 55, 1, 3, 'merchant', 'admin.email.com', '7576587887', 'hh', '7789', NULL, '1109850408', NULL, '10', '1', '1', '0', '100', '14571743', '100', '0', '1', '2021-10-23 09:39:31', '2021-10-23 09:39:31', '2021-12-05 05:51:42'),
(27, 55, 1, 4, 'merchant', 'arman', '01923456789', 'dhaka', '1400', '500', '98890504', NULL, '10', '1', '1', '5', '100', '96591594', '605', '0', '1', '2021-10-23 10:05:20', '2021-10-23 10:05:20', '2021-12-05 05:51:37'),
(28, 55, 1, 4, 'merchant', 'arman 2', '01923456789', 'dhaka', '1400', '500', '1201193661', NULL, '1', '1', '1', '5', '100', '1445968327', '605', '0', '1', '2021-10-23 10:06:55', '2021-10-23 10:06:55', '2021-12-05 05:51:35'),
(29, 57, 1, 145, 'merchant', 'Shitab Ashab', '01679254164', 'House-265. Road 4/a, Block-F', NULL, '1000', 'CN22222162', 'Handle with care', '5', '1', '1', '10', '150', '1157144356', '1160', '0', '1', '2021-11-02 22:19:58', '2021-11-02 22:19:58', '2021-12-05 05:51:30'),
(30, 56, 1, 3, 'merchant', 'Sk Jummon', '01773371401', 'Adabor', '1207', NULL, '360888284', NULL, '1', '1', '1', '0', '150', '231004041', '150', '0', '1', '2021-11-06 10:35:32', '2021-11-06 10:35:32', '2021-11-06 10:35:32'),
(31, 59, 2, 939, 'merchant', 'habil', '1873445555', 'House name (Apt number), Road number', '7870', '120', '199170', NULL, '1', '1', '0', '0', '120', '1405626397', '240', '0', '1', '2021-11-30 03:17:49', '2021-11-30 03:17:49', '2021-12-05 05:58:04'),
(32, 59, 2, 939, 'merchant', 'kabil', '8.80E+12', '50 Lake Circus (7th floor) Kalabagan', '7830', '0', '199171', NULL, '1', '1', '0', '0', '0', '1646515714', '0', '0', '1', '2021-11-30 03:17:49', '2021-11-30 03:17:49', '2021-12-05 05:56:34'),
(33, 59, 2, 939, 'merchant', 'kobita', '1994807666', 'dhaka mirpur', '1216', '50', '2012548', NULL, '1', '1', '0', '0', '120', '166356928', '170', '0', '1', '2021-11-30 03:17:49', '2021-11-30 03:17:49', '2021-12-05 05:56:40'),
(34, 59, 1, 2, 'merchant', 'Habib', '01312826310', 'Dhak', '1216', NULL, '2027696268', NULL, '1', '1', '1', '0', '150', '313905164', '150', '0', '1', '2021-12-03 15:52:01', '2021-12-03 15:52:01', '2021-12-05 05:57:55'),
(35, 59, 1, 59, 'merchant', 'Julekha Begum', '012345678910', 'Mirpur', '1216', '50', '833741516', 'Merchant Note', '1', '1', '1', '0.5', '150', '32052356', '200.5', '0', '1', '2021-12-03 17:04:33', '2021-12-03 17:04:33', '2021-12-05 05:57:59'),
(36, 59, 1, 59, 'merchant', 'habil', '1873445555', 'House name (Apt number), Road number', '7870', '120', '19917049', NULL, '1', '1', '1', '1.2', '150', '194424985', '271.2', '0', '1', '2021-12-03 17:09:46', '2021-12-03 17:09:46', '2021-12-05 05:51:20'),
(37, 59, 1, 59, 'merchant', 'kabil', '8.80187E+12', '50 Lake Circus (7th floor) Kalabagan', '7830', '100', '19917197', NULL, '1', '1', '1', '1', '150', '842609180', '251', '0', '1', '2021-12-03 17:09:46', '2021-12-03 17:09:46', '2021-12-05 05:51:23'),
(38, 59, 1, 59, 'merchant', 'Mollika', '016872965', 'Mirpur', '1216', '99', '1159541472', NULL, '1', '1', '1', '0.99', '150', '1651215174', '249.99', '0', '1', '2021-12-03 17:12:08', '2021-12-03 17:12:08', '2021-12-05 05:51:17');

-- --------------------------------------------------------

--
-- Table structure for table `shipment_delivery_payments`
--

CREATE TABLE `shipment_delivery_payments` (
  `id` bigint(20) UNSIGNED NOT NULL,
  `user_id` bigint(20) UNSIGNED DEFAULT NULL,
  `shipment_id` bigint(20) UNSIGNED NOT NULL,
  `admin_id` bigint(20) UNSIGNED NOT NULL,
  `amount` double(8,2) NOT NULL,
  `created_at` timestamp NULL DEFAULT NULL,
  `updated_at` timestamp NULL DEFAULT NULL
) ENGINE=InnoDB DEFAULT CHARSET=utf8mb4 COLLATE=utf8mb4_unicode_ci;

-- --------------------------------------------------------

--
-- Table structure for table `shipment_movements`
--

CREATE TABLE `shipment_movements` (
  `id` bigint(20) UNSIGNED NOT NULL,
  `shipment_id` bigint(20) UNSIGNED NOT NULL,
  `user_type` varchar(191) COLLATE utf8mb4_unicode_ci NOT NULL,
  `user_id` int(11) NOT NULL COMMENT 'the one who make action',
  `report_type` varchar(191) COLLATE utf8mb4_unicode_ci NOT NULL,
  `note` text COLLATE utf8mb4_unicode_ci,
  `status` varchar(191) COLLATE utf8mb4_unicode_ci DEFAULT NULL,
  `created_at` timestamp NULL DEFAULT NULL,
  `updated_at` timestamp NULL DEFAULT NULL
) ENGINE=InnoDB DEFAULT CHARSET=utf8mb4 COLLATE=utf8mb4_unicode_ci;

-- --------------------------------------------------------

--
-- Table structure for table `shipment_opt_confirmations`
--

CREATE TABLE `shipment_opt_confirmations` (
  `id` bigint(20) UNSIGNED NOT NULL,
  `otp` varchar(191) COLLATE utf8mb4_unicode_ci NOT NULL,
  `collect_by` varchar(191) COLLATE utf8mb4_unicode_ci NOT NULL,
  `shipment_id` bigint(20) UNSIGNED NOT NULL,
  `driver_id` bigint(20) UNSIGNED NOT NULL,
  `created_at` timestamp NULL DEFAULT NULL,
  `updated_at` timestamp NULL DEFAULT NULL
) ENGINE=InnoDB DEFAULT CHARSET=utf8mb4 COLLATE=utf8mb4_unicode_ci;

-- --------------------------------------------------------

--
-- Table structure for table `shipping_prices`
--

CREATE TABLE `shipping_prices` (
  `id` bigint(20) UNSIGNED NOT NULL,
  `zone_id` bigint(20) UNSIGNED NOT NULL,
  `cod` tinyint(1) NOT NULL DEFAULT '0',
  `cod_value` varchar(191) COLLATE utf8mb4_unicode_ci DEFAULT NULL,
  `delivery_type` tinyint(1) NOT NULL,
  `max_weight` varchar(191) COLLATE utf8mb4_unicode_ci NOT NULL,
  `max_price` varchar(191) COLLATE utf8mb4_unicode_ci NOT NULL,
  `per_weight` varchar(191) COLLATE utf8mb4_unicode_ci NOT NULL,
  `price` varchar(191) COLLATE utf8mb4_unicode_ci NOT NULL,
  `created_at` timestamp NULL DEFAULT NULL,
  `updated_at` timestamp NULL DEFAULT NULL
) ENGINE=InnoDB DEFAULT CHARSET=utf8mb4 COLLATE=utf8mb4_unicode_ci;

--
-- Dumping data for table `shipping_prices`
--

INSERT INTO `shipping_prices` (`id`, `zone_id`, `cod`, `cod_value`, `delivery_type`, `max_weight`, `max_price`, `per_weight`, `price`, `created_at`, `updated_at`) VALUES
(1, 1, 1, '1', 1, '25', '150', '1', '50', '2021-01-04 23:13:34', '2021-10-28 04:00:10'),
(2, 2, 0, NULL, 1, '10', '120', '1', '18', '2021-01-04 23:13:59', '2021-01-04 23:13:59'),
(3, 4, 1, '2', 1, '10', '200', '1', '50', '2021-10-28 03:59:31', '2021-10-28 03:59:31');

-- --------------------------------------------------------

--
-- Table structure for table `sliders`
--

CREATE TABLE `sliders` (
  `id` bigint(20) UNSIGNED NOT NULL,
  `title` varchar(191) COLLATE utf8mb4_unicode_ci NOT NULL,
  `photo` varchar(191) COLLATE utf8mb4_unicode_ci DEFAULT NULL,
  `description` text COLLATE utf8mb4_unicode_ci,
  `status` int(11) NOT NULL DEFAULT '0',
  `created_at` timestamp NULL DEFAULT NULL,
  `updated_at` timestamp NULL DEFAULT NULL
) ENGINE=InnoDB DEFAULT CHARSET=utf8mb4 COLLATE=utf8mb4_unicode_ci;

-- --------------------------------------------------------

--
-- Table structure for table `teams`
--

CREATE TABLE `teams` (
  `id` bigint(20) UNSIGNED NOT NULL,
  `title` varchar(191) COLLATE utf8mb4_unicode_ci NOT NULL,
  `photo` varchar(191) COLLATE utf8mb4_unicode_ci DEFAULT NULL,
  `description` longtext COLLATE utf8mb4_unicode_ci,
  `status` int(11) NOT NULL DEFAULT '0',
  `created_at` timestamp NULL DEFAULT NULL,
  `updated_at` timestamp NULL DEFAULT NULL
) ENGINE=InnoDB DEFAULT CHARSET=utf8mb4 COLLATE=utf8mb4_unicode_ci;

--
-- Dumping data for table `teams`
--

INSERT INTO `teams` (`id`, `title`, `photo`, `description`, `status`, `created_at`, `updated_at`) VALUES
(1, 'Title 1', NULL, 'This is team page', 1, '2021-11-27 04:50:32', '2021-11-27 04:50:32');

-- --------------------------------------------------------

--
-- Table structure for table `thirdparty_shipments`
--

CREATE TABLE `thirdparty_shipments` (
  `id` bigint(20) UNSIGNED NOT NULL,
  `shipment_id` bigint(20) UNSIGNED NOT NULL,
  `hub_id` bigint(20) UNSIGNED NOT NULL,
  `admin_id` bigint(20) UNSIGNED NOT NULL,
  `status` varchar(191) COLLATE utf8mb4_unicode_ci DEFAULT NULL,
  `status_in` varchar(100) COLLATE utf8mb4_unicode_ci DEFAULT NULL,
  `created_at` timestamp NULL DEFAULT NULL,
  `updated_at` timestamp NULL DEFAULT NULL
) ENGINE=InnoDB DEFAULT CHARSET=utf8mb4 COLLATE=utf8mb4_unicode_ci;

-- --------------------------------------------------------

--
-- Table structure for table `users`
--

CREATE TABLE `users` (
  `id` bigint(20) UNSIGNED NOT NULL,
  `user_id` varchar(191) COLLATE utf8mb4_unicode_ci NOT NULL,
  `first_name` varchar(191) COLLATE utf8mb4_unicode_ci NOT NULL,
  `last_name` varchar(191) COLLATE utf8mb4_unicode_ci NOT NULL,
  `shop_name` varchar(191) COLLATE utf8mb4_unicode_ci DEFAULT NULL,
  `email` varchar(191) COLLATE utf8mb4_unicode_ci NOT NULL,
  `phone` varchar(191) COLLATE utf8mb4_unicode_ci NOT NULL,
  `password` varchar(191) COLLATE utf8mb4_unicode_ci NOT NULL,
  `address` varchar(191) COLLATE utf8mb4_unicode_ci DEFAULT NULL,
  `area_id` bigint(20) UNSIGNED DEFAULT NULL,
  `website_link` varchar(191) COLLATE utf8mb4_unicode_ci DEFAULT NULL,
  `image` varchar(191) COLLATE utf8mb4_unicode_ci DEFAULT NULL,
  `status` enum('0','1') COLLATE utf8mb4_unicode_ci NOT NULL DEFAULT '1',
  `is_verified` enum('0','1') COLLATE utf8mb4_unicode_ci NOT NULL DEFAULT '0',
  `remember_token` varchar(100) COLLATE utf8mb4_unicode_ci DEFAULT NULL,
  `created_at` timestamp NULL DEFAULT NULL,
  `updated_at` timestamp NULL DEFAULT NULL
) ENGINE=InnoDB DEFAULT CHARSET=utf8mb4 COLLATE=utf8mb4_unicode_ci;

--
-- Dumping data for table `users`
--

INSERT INTO `users` (`id`, `user_id`, `first_name`, `last_name`, `shop_name`, `email`, `phone`, `password`, `address`, `area_id`, `website_link`, `image`, `status`, `is_verified`, `remember_token`, `created_at`, `updated_at`) VALUES
(55, 'UR6751634969661', 'Nayem', 'Islam', 'Nayem Ltd.', 'itxpressdigital2@gmail.com', '01966634890', '$2y$10$PRaQw2mVrHrBlY9R3zs1kuHP0tnZyUECtMWRLrTQKmvNQiCRuuI7K', '9/17', 4, NULL, NULL, '1', '1', 'iBGNU8NAajaeLXdjCVz5k90uJFwzfhTIPSyShVFgu1MUifdpuMe4AiRqT45r', '2021-10-23 06:14:21', '2021-10-23 06:15:39'),
(56, 'UR2981635394225', 'pinky', 'Mondol', 'super shop', 'eol.csone@gmail.com', '01773371401', '$2y$10$Z/PIEsVaudaNZNOCkwMhnulkt757xoK47tlIn0aX..dfrcMHuKyei', 'socit housing,adabor,dhaka', 3, NULL, NULL, '1', '1', NULL, '2021-10-28 04:10:25', '2021-11-06 10:26:58'),
(57, 'UR5291635462203', 'Drobboo', 'Limited', 'DROBBOO LTD.', 'expressone.ecl@gmail.com', '01863334138', '$2y$10$7dCq/jW5LTlj0PIg56dg3uy4bCyJvQWo.XAifkR9142IbmtC/na6O', '5th Floor, House, 22 Rd No. 19/A, Dhaka 1213', 155, NULL, NULL, '1', '1', 'hvJSDqlaYIoy54ZKoJyx53RyS2XQlOgC87rVKd1nAhTRnJ9bXyrgJBMvW1aF', '2021-10-28 23:03:23', '2021-10-28 23:08:00'),
(58, 'UR7321638099936', '987664', 'uytrtye', NULL, 'admin@email.com', '877875677876777', '$2y$10$D/2tAzR1RmvskCnKNMTcyuo7SB8Xpa.59E2h5vf6EFkAeay.G1/he', NULL, NULL, NULL, NULL, '1', '0', NULL, '2021-11-28 11:45:36', '2021-11-28 11:45:36'),
(59, 'UR2891638241643', '01312826310', 'Rahman', 'Mirza Shop', 'unitedit.mizan@gmail.com', '01312826310', '$2y$10$8XtrzaG8PQID04MmVxv4H.EDlhMbihsyRDRkddHW55eH/NHGhljkC', 'Dhaka', 59, 'https://uniteditbd.com/', NULL, '1', '1', 'ObAqesmwqX4xIwFzAXw2uaB9QY2hw3kh1t74KQ2AcGYg4jOZhLHidFPXiA0C', '2021-11-30 03:07:23', '2021-12-03 17:01:02');

-- --------------------------------------------------------

--
-- Table structure for table `user_verifications`
--

CREATE TABLE `user_verifications` (
  `id` bigint(20) UNSIGNED NOT NULL,
  `user_id` bigint(20) UNSIGNED NOT NULL,
  `verification_code` varchar(191) COLLATE utf8mb4_unicode_ci NOT NULL,
  `status` enum('waiting','verified') COLLATE utf8mb4_unicode_ci NOT NULL DEFAULT 'waiting',
  `created_at` timestamp NULL DEFAULT NULL,
  `updated_at` timestamp NULL DEFAULT NULL
) ENGINE=InnoDB DEFAULT CHARSET=utf8mb4 COLLATE=utf8mb4_unicode_ci;

--
-- Dumping data for table `user_verifications`
--

INSERT INTO `user_verifications` (`id`, `user_id`, `verification_code`, `status`, `created_at`, `updated_at`) VALUES
(24, 55, '811126132', 'verified', '2021-10-23 06:14:21', '2021-10-23 06:14:53'),
(25, 56, '228978747', 'waiting', '2021-10-28 04:10:25', '2021-10-28 04:10:25'),
(26, 56, '917365421', 'verified', '2021-11-01 07:51:52', '2021-11-06 10:22:46'),
(27, 58, '1353251514', 'waiting', '2021-11-28 11:45:36', '2021-11-28 11:45:36'),
(28, 59, '2097017660', 'verified', '2021-11-30 03:07:23', '2021-11-30 03:08:14'),
(29, 59, '1002009201', 'waiting', '2021-11-30 03:08:45', '2021-11-30 03:08:45'),
(30, 59, '1218299696', 'verified', '2021-11-30 03:11:57', '2021-11-30 03:12:57');

-- --------------------------------------------------------

--
-- Table structure for table `visions`
--

CREATE TABLE `visions` (
  `id` bigint(20) UNSIGNED NOT NULL,
  `title` varchar(191) COLLATE utf8mb4_unicode_ci NOT NULL,
  `photo` varchar(191) COLLATE utf8mb4_unicode_ci DEFAULT NULL,
  `description` longtext COLLATE utf8mb4_unicode_ci,
  `status` int(11) NOT NULL DEFAULT '0',
  `created_at` timestamp NULL DEFAULT NULL,
  `updated_at` timestamp NULL DEFAULT NULL
) ENGINE=InnoDB DEFAULT CHARSET=utf8mb4 COLLATE=utf8mb4_unicode_ci;

--
-- Dumping data for table `visions`
--

INSERT INTO `visions` (`id`, `title`, `photo`, `description`, `status`, `created_at`, `updated_at`) VALUES
(1, 'Our Vision', NULL, '<h2>What is Lorem Ipsum?</h2>\r\n\r\n<p><strong>Lorem Ipsum</strong>&nbsp;is simply dummy text of the printing and typesetting industry. Lorem Ipsum has been the industry&#39;s standard dummy text ever since the 1500s, when an unknown printer took a galley of type and scrambled it to make a type s<img alt=\"\" src=\"#\" style=\"border-style:solid; border-width:10px; height:100px; margin:2px; width:100px\" />pecimen book. It has survived not only five centuries, but also the leap into electronic typesetting, remaining essentially unchanged. It was popularised in the 1960s with the release of Letraset sheets containing Lorem Ipsum passages, and more recently with desktop publishing software like Aldus PageMaker including versions of Lorem Ipsum.</p>\r\n\r\n<h2>Why do we use it?</h2>\r\n\r\n<p>It is a long established fact that a reader will be distracted by the readable content of a page when looking at its layout. The point of using Lorem Ipsum is that it has a more-or-less normal distribution of letters, as opposed to using &#39;Content here, content here&#39;, making it look like readable English. Many desktop publishing packages and web page editors now use Lorem Ipsum as their default model text, and a search for &#39;lorem ipsum&#39; will uncover many web sites still in their infancy. Various versions have evolved over the years, sometimes by accident, sometimes on purpose (injected humour and the like).</p>\r\n\r\n<p>&nbsp;</p>\r\n\r\n<h2>Where does it come from?</h2>\r\n\r\n<p>Contrary to popular belief, Lorem Ipsum is not simply random text. It has roots in a piece of classical Latin literature from 45 BC, making it over 2000 years old. Richard McClintock, a Latin professor at Hampden-Sydney College in Virginia, looked up one of the more obscure Latin words, consectetur, from a Lorem Ipsum passage, and going through the cites of the word in classical literature, discovered the undoubtable source. Lorem Ipsum comes from sections 1.10.32 and 1.10.33 of &quot;de Finibus Bonorum et Malorum&quot; (The Extremes of Good and Evil) by Cicero, written in 45 BC. This book is a treatise on the theory of ethics, very popular during the Renaissance. The first line of Lorem Ipsum, &quot;Lorem ipsum dolor sit amet..&quot;, comes from a line in section 1.10.32.</p>\r\n\r\n<p>The standard chunk of Lorem Ipsum used since the 1500s&nbsp;</p>', 1, '2021-11-27 01:02:20', '2021-11-29 15:11:44');

-- --------------------------------------------------------

--
-- Table structure for table `zones`
--

CREATE TABLE `zones` (
  `id` bigint(20) UNSIGNED NOT NULL,
  `name` varchar(191) COLLATE utf8mb4_unicode_ci NOT NULL,
  `status` tinyint(1) NOT NULL DEFAULT '1',
  `created_at` timestamp NULL DEFAULT NULL,
  `updated_at` timestamp NULL DEFAULT NULL
) ENGINE=InnoDB DEFAULT CHARSET=utf8mb4 COLLATE=utf8mb4_unicode_ci;

--
-- Dumping data for table `zones`
--

INSERT INTO `zones` (`id`, `name`, `status`, `created_at`, `updated_at`) VALUES
(1, 'Inside Dhaka', 0, '2020-11-25 15:42:00', '2021-11-30 07:33:44'),
(2, '3PL', 1, '2020-11-25 15:42:23', '2021-01-06 13:50:02'),
(4, 'Outside Dhaka', 1, '2021-10-28 03:52:24', '2021-10-28 03:52:24');

--
-- Indexes for dumped tables
--

--
-- Indexes for table `abouts`
--
ALTER TABLE `abouts`
  ADD PRIMARY KEY (`id`);

--
-- Indexes for table `admins`
--
ALTER TABLE `admins`
  ADD PRIMARY KEY (`id`),
  ADD UNIQUE KEY `admins_email_unique` (`email`),
  ADD KEY `admins_role_id_foreign` (`role_id`),
  ADD KEY `admins_hub_id_foreign` (`hub_id`);

--
-- Indexes for table `admin_hub`
--
ALTER TABLE `admin_hub`
  ADD PRIMARY KEY (`id`),
  ADD KEY `admin_hub_admin_id_foreign` (`admin_id`),
  ADD KEY `admin_hub_hub_id_foreign` (`hub_id`);

--
-- Indexes for table `admin_roles`
--
ALTER TABLE `admin_roles`
  ADD PRIMARY KEY (`id`),
  ADD KEY `admin_roles_admin_id_foreign` (`admin_id`);

--
-- Indexes for table `areas`
--
ALTER TABLE `areas`
  ADD PRIMARY KEY (`id`),
  ADD KEY `areas_zone_id_foreign` (`zone_id`),
  ADD KEY `areas_hub_id_foreign` (`hub_id`);

--
-- Indexes for table `basic_information`
--
ALTER TABLE `basic_information`
  ADD PRIMARY KEY (`id`);

--
-- Indexes for table `blogs`
--
ALTER TABLE `blogs`
  ADD PRIMARY KEY (`id`),
  ADD KEY `blogs_admin_id_foreign` (`admin_id`),
  ADD KEY `blogs_blog_category_id_foreign` (`blog_category_id`);

--
-- Indexes for table `blog_categories`
--
ALTER TABLE `blog_categories`
  ADD PRIMARY KEY (`id`);

--
-- Indexes for table `client_reviews`
--
ALTER TABLE `client_reviews`
  ADD PRIMARY KEY (`id`);

--
-- Indexes for table `drivers`
--
ALTER TABLE `drivers`
  ADD PRIMARY KEY (`id`),
  ADD UNIQUE KEY `drivers_phone_unique` (`phone`);

--
-- Indexes for table `driver_hub_shipment_box`
--
ALTER TABLE `driver_hub_shipment_box`
  ADD PRIMARY KEY (`id`),
  ADD KEY `driver_hub_shipment_box_driver_id_foreign` (`driver_id`),
  ADD KEY `driver_hub_shipment_box_hub_shipment_box_id_foreign` (`hub_shipment_box_id`),
  ADD KEY `driver_hub_shipment_box_admin_id_foreign` (`admin_id`),
  ADD KEY `driver_hub_shipment_box_shipment_id_foreign` (`shipment_id`);

--
-- Indexes for table `driver_return_shipment_box`
--
ALTER TABLE `driver_return_shipment_box`
  ADD PRIMARY KEY (`id`),
  ADD KEY `driver_return_shipment_box_driver_id_foreign` (`driver_id`),
  ADD KEY `driver_return_shipment_box_return_shipment_box_id_foreign` (`return_shipment_box_id`),
  ADD KEY `driver_return_shipment_box_admin_id_foreign` (`admin_id`),
  ADD KEY `driver_return_shipment_box_shipment_id_foreign` (`shipment_id`);

--
-- Indexes for table `driver_shipment`
--
ALTER TABLE `driver_shipment`
  ADD PRIMARY KEY (`id`),
  ADD KEY `driver_shipment_driver_id_foreign` (`driver_id`),
  ADD KEY `driver_shipment_shipment_id_foreign` (`shipment_id`),
  ADD KEY `driver_shipment_admin_id_foreign` (`admin_id`);

--
-- Indexes for table `driver_shipment_delivery`
--
ALTER TABLE `driver_shipment_delivery`
  ADD PRIMARY KEY (`id`),
  ADD KEY `driver_shipment_delivery_driver_id_foreign` (`driver_id`),
  ADD KEY `driver_shipment_delivery_shipment_id_foreign` (`shipment_id`);

--
-- Indexes for table `histories`
--
ALTER TABLE `histories`
  ADD PRIMARY KEY (`id`);

--
-- Indexes for table `hold_shipments`
--
ALTER TABLE `hold_shipments`
  ADD PRIMARY KEY (`id`),
  ADD KEY `hold_shipments_shipment_id_foreign` (`shipment_id`),
  ADD KEY `hold_shipments_hub_id_foreign` (`hub_id`),
  ADD KEY `hold_shipments_admin_id_foreign` (`admin_id`);

--
-- Indexes for table `hubs`
--
ALTER TABLE `hubs`
  ADD PRIMARY KEY (`id`),
  ADD KEY `hubs_zone_id_foreign` (`zone_id`);

--
-- Indexes for table `hub_shipment`
--
ALTER TABLE `hub_shipment`
  ADD PRIMARY KEY (`id`),
  ADD KEY `hub_shipment_user_id_foreign` (`user_id`),
  ADD KEY `hub_shipment_shipment_id_foreign` (`shipment_id`),
  ADD KEY `hub_shipment_hub_id_foreign` (`hub_id`),
  ADD KEY `hub_shipment_admin_id_foreign` (`admin_id`);

--
-- Indexes for table `hub_shipment_boxes`
--
ALTER TABLE `hub_shipment_boxes`
  ADD PRIMARY KEY (`id`),
  ADD KEY `hub_shipment_boxes_hub_id_foreign` (`hub_id`),
  ADD KEY `hub_shipment_boxes_box_by_foreign` (`box_by`);

--
-- Indexes for table `mail_configurations`
--
ALTER TABLE `mail_configurations`
  ADD PRIMARY KEY (`id`);

--
-- Indexes for table `messages`
--
ALTER TABLE `messages`
  ADD PRIMARY KEY (`id`);

--
-- Indexes for table `migrations`
--
ALTER TABLE `migrations`
  ADD PRIMARY KEY (`id`);

--
-- Indexes for table `missions`
--
ALTER TABLE `missions`
  ADD PRIMARY KEY (`id`);

--
-- Indexes for table `promises`
--
ALTER TABLE `promises`
  ADD PRIMARY KEY (`id`);

--
-- Indexes for table `reconcile_shipments`
--
ALTER TABLE `reconcile_shipments`
  ADD PRIMARY KEY (`id`),
  ADD KEY `reconcile_shipments_shipment_id_foreign` (`shipment_id`),
  ADD KEY `reconcile_shipments_admin_id_foreign` (`admin_id`);

--
-- Indexes for table `return_shipments`
--
ALTER TABLE `return_shipments`
  ADD PRIMARY KEY (`id`),
  ADD KEY `return_shipments_shipment_id_foreign` (`shipment_id`),
  ADD KEY `return_shipments_hub_id_foreign` (`hub_id`),
  ADD KEY `return_shipments_admin_id_foreign` (`admin_id`);

--
-- Indexes for table `return_shipment_boxes`
--
ALTER TABLE `return_shipment_boxes`
  ADD PRIMARY KEY (`id`),
  ADD KEY `return_shipment_boxes_hub_id_foreign` (`hub_id`),
  ADD KEY `return_shipment_boxes_box_by_foreign` (`box_by`);

--
-- Indexes for table `roles`
--
ALTER TABLE `roles`
  ADD PRIMARY KEY (`id`);

--
-- Indexes for table `role_allows`
--
ALTER TABLE `role_allows`
  ADD PRIMARY KEY (`id`),
  ADD KEY `role_allows_admin_id_foreign` (`admin_id`),
  ADD KEY `role_allows_admin_role_id_foreign` (`admin_role_id`);

--
-- Indexes for table `send_sms`
--
ALTER TABLE `send_sms`
  ADD PRIMARY KEY (`id`);

--
-- Indexes for table `shipments`
--
ALTER TABLE `shipments`
  ADD PRIMARY KEY (`id`),
  ADD UNIQUE KEY `shipments_invoice_id_unique` (`invoice_id`),
  ADD KEY `shipments_user_id_foreign` (`user_id`),
  ADD KEY `shipments_zone_id_foreign` (`zone_id`),
  ADD KEY `shipments_area_id_foreign` (`area_id`);

--
-- Indexes for table `shipment_delivery_payments`
--
ALTER TABLE `shipment_delivery_payments`
  ADD PRIMARY KEY (`id`),
  ADD KEY `shipment_delivery_payments_user_id_foreign` (`user_id`),
  ADD KEY `shipment_delivery_payments_shipment_id_foreign` (`shipment_id`),
  ADD KEY `shipment_delivery_payments_admin_id_foreign` (`admin_id`);

--
-- Indexes for table `shipment_movements`
--
ALTER TABLE `shipment_movements`
  ADD PRIMARY KEY (`id`),
  ADD KEY `shipment_movements_shipment_id_foreign` (`shipment_id`);

--
-- Indexes for table `shipment_opt_confirmations`
--
ALTER TABLE `shipment_opt_confirmations`
  ADD PRIMARY KEY (`id`),
  ADD KEY `shipment_opt_confirmations_shipment_id_foreign` (`shipment_id`),
  ADD KEY `shipment_opt_confirmations_driver_id_foreign` (`driver_id`);

--
-- Indexes for table `shipping_prices`
--
ALTER TABLE `shipping_prices`
  ADD PRIMARY KEY (`id`),
  ADD KEY `shipping_prices_zone_id_foreign` (`zone_id`);

--
-- Indexes for table `sliders`
--
ALTER TABLE `sliders`
  ADD PRIMARY KEY (`id`);

--
-- Indexes for table `teams`
--
ALTER TABLE `teams`
  ADD PRIMARY KEY (`id`);

--
-- Indexes for table `thirdparty_shipments`
--
ALTER TABLE `thirdparty_shipments`
  ADD PRIMARY KEY (`id`),
  ADD KEY `thirdparty_shipments_shipment_id_foreign` (`shipment_id`),
  ADD KEY `thirdparty_shipments_hub_id_foreign` (`hub_id`),
  ADD KEY `thirdparty_shipments_admin_id_foreign` (`admin_id`);

--
-- Indexes for table `users`
--
ALTER TABLE `users`
  ADD PRIMARY KEY (`id`),
  ADD UNIQUE KEY `users_email_unique` (`email`),
  ADD KEY `users_area_id_foreign` (`area_id`);

--
-- Indexes for table `user_verifications`
--
ALTER TABLE `user_verifications`
  ADD PRIMARY KEY (`id`),
  ADD KEY `user_verifications_user_id_foreign` (`user_id`);

--
-- Indexes for table `visions`
--
ALTER TABLE `visions`
  ADD PRIMARY KEY (`id`);

--
-- Indexes for table `zones`
--
ALTER TABLE `zones`
  ADD PRIMARY KEY (`id`);

--
-- AUTO_INCREMENT for dumped tables
--

--
-- AUTO_INCREMENT for table `abouts`
--
ALTER TABLE `abouts`
  MODIFY `id` bigint(20) UNSIGNED NOT NULL AUTO_INCREMENT, AUTO_INCREMENT=4;

--
-- AUTO_INCREMENT for table `admins`
--
ALTER TABLE `admins`
  MODIFY `id` bigint(20) UNSIGNED NOT NULL AUTO_INCREMENT, AUTO_INCREMENT=6;

--
-- AUTO_INCREMENT for table `admin_hub`
--
ALTER TABLE `admin_hub`
  MODIFY `id` bigint(20) UNSIGNED NOT NULL AUTO_INCREMENT, AUTO_INCREMENT=12;

--
-- AUTO_INCREMENT for table `admin_roles`
--
ALTER TABLE `admin_roles`
  MODIFY `id` bigint(20) UNSIGNED NOT NULL AUTO_INCREMENT, AUTO_INCREMENT=334;

--
-- AUTO_INCREMENT for table `areas`
--
ALTER TABLE `areas`
  MODIFY `id` bigint(20) UNSIGNED NOT NULL AUTO_INCREMENT, AUTO_INCREMENT=944;

--
-- AUTO_INCREMENT for table `basic_information`
--
ALTER TABLE `basic_information`
  MODIFY `id` bigint(20) UNSIGNED NOT NULL AUTO_INCREMENT, AUTO_INCREMENT=2;

--
-- AUTO_INCREMENT for table `blogs`
--
ALTER TABLE `blogs`
  MODIFY `id` bigint(20) UNSIGNED NOT NULL AUTO_INCREMENT;

--
-- AUTO_INCREMENT for table `blog_categories`
--
ALTER TABLE `blog_categories`
  MODIFY `id` bigint(20) UNSIGNED NOT NULL AUTO_INCREMENT;

--
-- AUTO_INCREMENT for table `client_reviews`
--
ALTER TABLE `client_reviews`
  MODIFY `id` bigint(20) UNSIGNED NOT NULL AUTO_INCREMENT;

--
-- AUTO_INCREMENT for table `drivers`
--
ALTER TABLE `drivers`
  MODIFY `id` bigint(20) UNSIGNED NOT NULL AUTO_INCREMENT, AUTO_INCREMENT=8;

--
-- AUTO_INCREMENT for table `driver_hub_shipment_box`
--
ALTER TABLE `driver_hub_shipment_box`
  MODIFY `id` bigint(20) UNSIGNED NOT NULL AUTO_INCREMENT, AUTO_INCREMENT=31;

--
-- AUTO_INCREMENT for table `driver_return_shipment_box`
--
ALTER TABLE `driver_return_shipment_box`
  MODIFY `id` bigint(20) UNSIGNED NOT NULL AUTO_INCREMENT;

--
-- AUTO_INCREMENT for table `driver_shipment`
--
ALTER TABLE `driver_shipment`
  MODIFY `id` bigint(20) UNSIGNED NOT NULL AUTO_INCREMENT, AUTO_INCREMENT=38;

--
-- AUTO_INCREMENT for table `driver_shipment_delivery`
--
ALTER TABLE `driver_shipment_delivery`
  MODIFY `id` bigint(20) UNSIGNED NOT NULL AUTO_INCREMENT, AUTO_INCREMENT=14;

--
-- AUTO_INCREMENT for table `histories`
--
ALTER TABLE `histories`
  MODIFY `id` bigint(20) UNSIGNED NOT NULL AUTO_INCREMENT, AUTO_INCREMENT=4;

--
-- AUTO_INCREMENT for table `hold_shipments`
--
ALTER TABLE `hold_shipments`
  MODIFY `id` bigint(20) UNSIGNED NOT NULL AUTO_INCREMENT, AUTO_INCREMENT=14;

--
-- AUTO_INCREMENT for table `hubs`
--
ALTER TABLE `hubs`
  MODIFY `id` bigint(20) UNSIGNED NOT NULL AUTO_INCREMENT, AUTO_INCREMENT=73;

--
-- AUTO_INCREMENT for table `hub_shipment`
--
ALTER TABLE `hub_shipment`
  MODIFY `id` bigint(20) UNSIGNED NOT NULL AUTO_INCREMENT, AUTO_INCREMENT=67;

--
-- AUTO_INCREMENT for table `hub_shipment_boxes`
--
ALTER TABLE `hub_shipment_boxes`
  MODIFY `id` bigint(20) UNSIGNED NOT NULL AUTO_INCREMENT, AUTO_INCREMENT=36;

--
-- AUTO_INCREMENT for table `mail_configurations`
--
ALTER TABLE `mail_configurations`
  MODIFY `id` bigint(20) UNSIGNED NOT NULL AUTO_INCREMENT, AUTO_INCREMENT=2;

--
-- AUTO_INCREMENT for table `messages`
--
ALTER TABLE `messages`
  MODIFY `id` bigint(20) UNSIGNED NOT NULL AUTO_INCREMENT;

--
-- AUTO_INCREMENT for table `migrations`
--
ALTER TABLE `migrations`
  MODIFY `id` int(10) UNSIGNED NOT NULL AUTO_INCREMENT, AUTO_INCREMENT=37;

--
-- AUTO_INCREMENT for table `missions`
--
ALTER TABLE `missions`
  MODIFY `id` bigint(20) UNSIGNED NOT NULL AUTO_INCREMENT, AUTO_INCREMENT=6;

--
-- AUTO_INCREMENT for table `promises`
--
ALTER TABLE `promises`
  MODIFY `id` bigint(20) UNSIGNED NOT NULL AUTO_INCREMENT, AUTO_INCREMENT=2;

--
-- AUTO_INCREMENT for table `reconcile_shipments`
--
ALTER TABLE `reconcile_shipments`
  MODIFY `id` bigint(20) UNSIGNED NOT NULL AUTO_INCREMENT;

--
-- AUTO_INCREMENT for table `return_shipments`
--
ALTER TABLE `return_shipments`
  MODIFY `id` bigint(20) UNSIGNED NOT NULL AUTO_INCREMENT;

--
-- AUTO_INCREMENT for table `return_shipment_boxes`
--
ALTER TABLE `return_shipment_boxes`
  MODIFY `id` bigint(20) UNSIGNED NOT NULL AUTO_INCREMENT;

--
-- AUTO_INCREMENT for table `roles`
--
ALTER TABLE `roles`
  MODIFY `id` bigint(20) UNSIGNED NOT NULL AUTO_INCREMENT, AUTO_INCREMENT=3;

--
-- AUTO_INCREMENT for table `role_allows`
--
ALTER TABLE `role_allows`
  MODIFY `id` bigint(20) UNSIGNED NOT NULL AUTO_INCREMENT;

--
-- AUTO_INCREMENT for table `send_sms`
--
ALTER TABLE `send_sms`
  MODIFY `id` bigint(20) UNSIGNED NOT NULL AUTO_INCREMENT, AUTO_INCREMENT=166;

--
-- AUTO_INCREMENT for table `shipments`
--
ALTER TABLE `shipments`
  MODIFY `id` bigint(20) UNSIGNED NOT NULL AUTO_INCREMENT, AUTO_INCREMENT=39;

--
-- AUTO_INCREMENT for table `shipment_delivery_payments`
--
ALTER TABLE `shipment_delivery_payments`
  MODIFY `id` bigint(20) UNSIGNED NOT NULL AUTO_INCREMENT;

--
-- AUTO_INCREMENT for table `shipment_movements`
--
ALTER TABLE `shipment_movements`
  MODIFY `id` bigint(20) UNSIGNED NOT NULL AUTO_INCREMENT, AUTO_INCREMENT=349;

--
-- AUTO_INCREMENT for table `shipment_opt_confirmations`
--
ALTER TABLE `shipment_opt_confirmations`
  MODIFY `id` bigint(20) UNSIGNED NOT NULL AUTO_INCREMENT;

--
-- AUTO_INCREMENT for table `shipping_prices`
--
ALTER TABLE `shipping_prices`
  MODIFY `id` bigint(20) UNSIGNED NOT NULL AUTO_INCREMENT, AUTO_INCREMENT=4;

--
-- AUTO_INCREMENT for table `sliders`
--
ALTER TABLE `sliders`
  MODIFY `id` bigint(20) UNSIGNED NOT NULL AUTO_INCREMENT;

--
-- AUTO_INCREMENT for table `teams`
--
ALTER TABLE `teams`
  MODIFY `id` bigint(20) UNSIGNED NOT NULL AUTO_INCREMENT, AUTO_INCREMENT=2;

--
-- AUTO_INCREMENT for table `thirdparty_shipments`
--
ALTER TABLE `thirdparty_shipments`
  MODIFY `id` bigint(20) UNSIGNED NOT NULL AUTO_INCREMENT;

--
-- AUTO_INCREMENT for table `users`
--
ALTER TABLE `users`
  MODIFY `id` bigint(20) UNSIGNED NOT NULL AUTO_INCREMENT, AUTO_INCREMENT=60;

--
-- AUTO_INCREMENT for table `user_verifications`
--
ALTER TABLE `user_verifications`
  MODIFY `id` bigint(20) UNSIGNED NOT NULL AUTO_INCREMENT, AUTO_INCREMENT=31;

--
-- AUTO_INCREMENT for table `visions`
--
ALTER TABLE `visions`
  MODIFY `id` bigint(20) UNSIGNED NOT NULL AUTO_INCREMENT, AUTO_INCREMENT=4;

--
-- AUTO_INCREMENT for table `zones`
--
ALTER TABLE `zones`
  MODIFY `id` bigint(20) UNSIGNED NOT NULL AUTO_INCREMENT, AUTO_INCREMENT=5;

--
-- Constraints for dumped tables
--

--
-- Constraints for table `admins`
--
ALTER TABLE `admins`
  ADD CONSTRAINT `admins_hub_id_foreign` FOREIGN KEY (`hub_id`) REFERENCES `hubs` (`id`),
  ADD CONSTRAINT `admins_role_id_foreign` FOREIGN KEY (`role_id`) REFERENCES `roles` (`id`);

--
-- Constraints for table `admin_hub`
--
ALTER TABLE `admin_hub`
  ADD CONSTRAINT `admin_hub_admin_id_foreign` FOREIGN KEY (`admin_id`) REFERENCES `admins` (`id`),
  ADD CONSTRAINT `admin_hub_hub_id_foreign` FOREIGN KEY (`hub_id`) REFERENCES `hubs` (`id`);

--
-- Constraints for table `admin_roles`
--
ALTER TABLE `admin_roles`
  ADD CONSTRAINT `admin_roles_admin_id_foreign` FOREIGN KEY (`admin_id`) REFERENCES `admins` (`id`);

--
-- Constraints for table `areas`
--
ALTER TABLE `areas`
  ADD CONSTRAINT `areas_hub_id_foreign` FOREIGN KEY (`hub_id`) REFERENCES `hubs` (`id`),
  ADD CONSTRAINT `areas_zone_id_foreign` FOREIGN KEY (`zone_id`) REFERENCES `zones` (`id`);

--
-- Constraints for table `blogs`
--
ALTER TABLE `blogs`
  ADD CONSTRAINT `blogs_admin_id_foreign` FOREIGN KEY (`admin_id`) REFERENCES `admins` (`id`),
  ADD CONSTRAINT `blogs_blog_category_id_foreign` FOREIGN KEY (`blog_category_id`) REFERENCES `blog_categories` (`id`);

--
-- Constraints for table `driver_hub_shipment_box`
--
ALTER TABLE `driver_hub_shipment_box`
  ADD CONSTRAINT `driver_hub_shipment_box_admin_id_foreign` FOREIGN KEY (`admin_id`) REFERENCES `admins` (`id`),
  ADD CONSTRAINT `driver_hub_shipment_box_driver_id_foreign` FOREIGN KEY (`driver_id`) REFERENCES `drivers` (`id`),
  ADD CONSTRAINT `driver_hub_shipment_box_hub_shipment_box_id_foreign` FOREIGN KEY (`hub_shipment_box_id`) REFERENCES `hub_shipment_boxes` (`id`),
  ADD CONSTRAINT `driver_hub_shipment_box_shipment_id_foreign` FOREIGN KEY (`shipment_id`) REFERENCES `shipments` (`id`);

--
-- Constraints for table `driver_return_shipment_box`
--
ALTER TABLE `driver_return_shipment_box`
  ADD CONSTRAINT `driver_return_shipment_box_admin_id_foreign` FOREIGN KEY (`admin_id`) REFERENCES `admins` (`id`),
  ADD CONSTRAINT `driver_return_shipment_box_driver_id_foreign` FOREIGN KEY (`driver_id`) REFERENCES `drivers` (`id`),
  ADD CONSTRAINT `driver_return_shipment_box_return_shipment_box_id_foreign` FOREIGN KEY (`return_shipment_box_id`) REFERENCES `return_shipment_boxes` (`id`),
  ADD CONSTRAINT `driver_return_shipment_box_shipment_id_foreign` FOREIGN KEY (`shipment_id`) REFERENCES `shipments` (`id`);

--
-- Constraints for table `driver_shipment`
--
ALTER TABLE `driver_shipment`
  ADD CONSTRAINT `driver_shipment_admin_id_foreign` FOREIGN KEY (`admin_id`) REFERENCES `admins` (`id`),
  ADD CONSTRAINT `driver_shipment_driver_id_foreign` FOREIGN KEY (`driver_id`) REFERENCES `drivers` (`id`),
  ADD CONSTRAINT `driver_shipment_shipment_id_foreign` FOREIGN KEY (`shipment_id`) REFERENCES `shipments` (`id`);

--
-- Constraints for table `driver_shipment_delivery`
--
ALTER TABLE `driver_shipment_delivery`
  ADD CONSTRAINT `driver_shipment_delivery_driver_id_foreign` FOREIGN KEY (`driver_id`) REFERENCES `drivers` (`id`),
  ADD CONSTRAINT `driver_shipment_delivery_shipment_id_foreign` FOREIGN KEY (`shipment_id`) REFERENCES `shipments` (`id`);

--
-- Constraints for table `hold_shipments`
--
ALTER TABLE `hold_shipments`
  ADD CONSTRAINT `hold_shipments_admin_id_foreign` FOREIGN KEY (`admin_id`) REFERENCES `admins` (`id`),
  ADD CONSTRAINT `hold_shipments_hub_id_foreign` FOREIGN KEY (`hub_id`) REFERENCES `hubs` (`id`),
  ADD CONSTRAINT `hold_shipments_shipment_id_foreign` FOREIGN KEY (`shipment_id`) REFERENCES `shipments` (`id`);

--
-- Constraints for table `hubs`
--
ALTER TABLE `hubs`
  ADD CONSTRAINT `hubs_zone_id_foreign` FOREIGN KEY (`zone_id`) REFERENCES `zones` (`id`);

--
-- Constraints for table `hub_shipment`
--
ALTER TABLE `hub_shipment`
  ADD CONSTRAINT `hub_shipment_admin_id_foreign` FOREIGN KEY (`admin_id`) REFERENCES `admins` (`id`),
  ADD CONSTRAINT `hub_shipment_hub_id_foreign` FOREIGN KEY (`hub_id`) REFERENCES `hubs` (`id`),
  ADD CONSTRAINT `hub_shipment_shipment_id_foreign` FOREIGN KEY (`shipment_id`) REFERENCES `shipments` (`id`),
  ADD CONSTRAINT `hub_shipment_user_id_foreign` FOREIGN KEY (`user_id`) REFERENCES `users` (`id`);

--
-- Constraints for table `hub_shipment_boxes`
--
ALTER TABLE `hub_shipment_boxes`
  ADD CONSTRAINT `hub_shipment_boxes_box_by_foreign` FOREIGN KEY (`box_by`) REFERENCES `hubs` (`id`),
  ADD CONSTRAINT `hub_shipment_boxes_hub_id_foreign` FOREIGN KEY (`hub_id`) REFERENCES `hubs` (`id`);

--
-- Constraints for table `reconcile_shipments`
--
ALTER TABLE `reconcile_shipments`
  ADD CONSTRAINT `reconcile_shipments_admin_id_foreign` FOREIGN KEY (`admin_id`) REFERENCES `admins` (`id`),
  ADD CONSTRAINT `reconcile_shipments_shipment_id_foreign` FOREIGN KEY (`shipment_id`) REFERENCES `shipments` (`id`);

--
-- Constraints for table `return_shipments`
--
ALTER TABLE `return_shipments`
  ADD CONSTRAINT `return_shipments_admin_id_foreign` FOREIGN KEY (`admin_id`) REFERENCES `admins` (`id`),
  ADD CONSTRAINT `return_shipments_hub_id_foreign` FOREIGN KEY (`hub_id`) REFERENCES `hubs` (`id`),
  ADD CONSTRAINT `return_shipments_shipment_id_foreign` FOREIGN KEY (`shipment_id`) REFERENCES `shipments` (`id`);

--
-- Constraints for table `return_shipment_boxes`
--
ALTER TABLE `return_shipment_boxes`
  ADD CONSTRAINT `return_shipment_boxes_box_by_foreign` FOREIGN KEY (`box_by`) REFERENCES `hubs` (`id`),
  ADD CONSTRAINT `return_shipment_boxes_hub_id_foreign` FOREIGN KEY (`hub_id`) REFERENCES `hubs` (`id`);

--
-- Constraints for table `role_allows`
--
ALTER TABLE `role_allows`
  ADD CONSTRAINT `role_allows_admin_id_foreign` FOREIGN KEY (`admin_id`) REFERENCES `admins` (`id`),
  ADD CONSTRAINT `role_allows_admin_role_id_foreign` FOREIGN KEY (`admin_role_id`) REFERENCES `admin_roles` (`id`);

--
-- Constraints for table `shipments`
--
ALTER TABLE `shipments`
  ADD CONSTRAINT `shipments_area_id_foreign` FOREIGN KEY (`area_id`) REFERENCES `areas` (`id`),
  ADD CONSTRAINT `shipments_user_id_foreign` FOREIGN KEY (`user_id`) REFERENCES `users` (`id`),
  ADD CONSTRAINT `shipments_zone_id_foreign` FOREIGN KEY (`zone_id`) REFERENCES `zones` (`id`);

--
-- Constraints for table `shipment_delivery_payments`
--
ALTER TABLE `shipment_delivery_payments`
  ADD CONSTRAINT `shipment_delivery_payments_admin_id_foreign` FOREIGN KEY (`admin_id`) REFERENCES `admins` (`id`),
  ADD CONSTRAINT `shipment_delivery_payments_shipment_id_foreign` FOREIGN KEY (`shipment_id`) REFERENCES `shipments` (`id`),
  ADD CONSTRAINT `shipment_delivery_payments_user_id_foreign` FOREIGN KEY (`user_id`) REFERENCES `users` (`id`);

--
-- Constraints for table `shipment_movements`
--
ALTER TABLE `shipment_movements`
  ADD CONSTRAINT `shipment_movements_shipment_id_foreign` FOREIGN KEY (`shipment_id`) REFERENCES `shipments` (`id`);

--
-- Constraints for table `shipment_opt_confirmations`
--
ALTER TABLE `shipment_opt_confirmations`
  ADD CONSTRAINT `shipment_opt_confirmations_driver_id_foreign` FOREIGN KEY (`driver_id`) REFERENCES `drivers` (`id`),
  ADD CONSTRAINT `shipment_opt_confirmations_shipment_id_foreign` FOREIGN KEY (`shipment_id`) REFERENCES `shipments` (`id`);

--
-- Constraints for table `shipping_prices`
--
ALTER TABLE `shipping_prices`
  ADD CONSTRAINT `shipping_prices_zone_id_foreign` FOREIGN KEY (`zone_id`) REFERENCES `zones` (`id`);

--
-- Constraints for table `thirdparty_shipments`
--
ALTER TABLE `thirdparty_shipments`
  ADD CONSTRAINT `thirdparty_shipments_admin_id_foreign` FOREIGN KEY (`admin_id`) REFERENCES `admins` (`id`),
  ADD CONSTRAINT `thirdparty_shipments_hub_id_foreign` FOREIGN KEY (`hub_id`) REFERENCES `hubs` (`id`),
  ADD CONSTRAINT `thirdparty_shipments_shipment_id_foreign` FOREIGN KEY (`shipment_id`) REFERENCES `shipments` (`id`);

--
-- Constraints for table `users`
--
ALTER TABLE `users`
  ADD CONSTRAINT `users_area_id_foreign` FOREIGN KEY (`area_id`) REFERENCES `areas` (`id`);

--
-- Constraints for table `user_verifications`
--
ALTER TABLE `user_verifications`
  ADD CONSTRAINT `user_verifications_user_id_foreign` FOREIGN KEY (`user_id`) REFERENCES `users` (`id`);
COMMIT;

/*!40101 SET CHARACTER_SET_CLIENT=@OLD_CHARACTER_SET_CLIENT */;
/*!40101 SET CHARACTER_SET_RESULTS=@OLD_CHARACTER_SET_RESULTS */;
/*!40101 SET COLLATION_CONNECTION=@OLD_COLLATION_CONNECTION */;
